,sc_id,spot,corr,celltype
0,cell_1392,spot_0,0.9347312506655475,Astro
1,cell_629,spot_0,0.9347312506655475,Astro
2,cell_1485,spot_0,0.9347312506655475,Sst
3,cell_471,spot_0,0.9347312506655475,Sst
4,cell_1481,spot_0,0.9347312506655475,Endo
5,cell_405,spot_0,0.9347312506655475,Endo
6,cell_401,spot_0,0.9347312506655475,HPC
7,cell_869,spot_0,0.9347312506655475,HPC
8,cell_470,spot_0,0.9347312506655475,HPC
9,cell_1392,spot_1,0.9443476242450187,Astro
10,cell_1432,spot_1,0.9443476242450187,Astro
11,cell_1449,spot_1,0.9443476242450187,ExcitatoryL5
12,cell_1445,spot_1,0.9443476242450187,ExcitatoryL5
13,cell_409,spot_1,0.9443476242450187,Other
14,cell_1489,spot_1,0.9443476242450187,Olig
15,cell_1481,spot_1,0.9443476242450187,Endo
16,cell_405,spot_1,0.9443476242450187,Endo
17,cell_424,spot_1,0.9443476242450187,Micro
18,cell_74,spot_1,0.9443476242450187,Micro
19,cell_1462,spot_1,0.9443476242450187,ExcitatoryL6
20,cell_1454,spot_1,0.9443476242450187,ExcitatoryL6
21,cell_1173,spot_2,0.9048912542340712,Olig
22,cell_303,spot_2,0.9048912542340712,Olig
23,cell_291,spot_2,0.9048912542340712,Olig
24,cell_588,spot_2,0.9048912542340712,Olig
25,cell_495,spot_2,0.9048912542340712,Olig
26,cell_1049,spot_2,0.9048912542340712,Olig
27,cell_1462,spot_2,0.9048912542340712,ExcitatoryL6
28,cell_324,spot_3,0.9340844811397281,Astro
29,cell_855,spot_3,0.9340844811397281,Astro
30,cell_1173,spot_3,0.9340844811397281,Olig
31,cell_588,spot_3,0.9340844811397281,Olig
32,cell_303,spot_3,0.9340844811397281,Olig
33,cell_291,spot_3,0.9340844811397281,Olig
34,cell_449,spot_3,0.9340844811397281,Olig
35,cell_1449,spot_4,0.9619257045539361,ExcitatoryL5
36,cell_1485,spot_4,0.9619257045539361,Sst
37,cell_1489,spot_4,0.9619257045539361,Olig
38,cell_765,spot_4,0.9619257045539361,Olig
39,cell_1481,spot_4,0.9619257045539361,Endo
40,cell_1462,spot_4,0.9619257045539361,ExcitatoryL6
41,cell_1454,spot_4,0.9619257045539361,ExcitatoryL6
42,cell_1461,spot_4,0.9619257045539361,ExcitatoryL6
43,cell_713,spot_4,0.9619257045539361,ExcitatoryL6
44,cell_349,spot_4,0.9619257045539361,ExcitatoryL6
45,cell_1482,spot_4,0.9619257045539361,ExcitatoryL6
46,cell_93,spot_4,0.9619257045539361,ExcitatoryL6
47,cell_409,spot_5,0.9625776640976477,Other
48,cell_603,spot_5,0.9625776640976477,Other
49,cell_1462,spot_5,0.9625776640976477,ExcitatoryL6
50,cell_1454,spot_5,0.9625776640976477,ExcitatoryL6
51,cell_1461,spot_5,0.9625776640976477,ExcitatoryL6
52,cell_713,spot_5,0.9625776640976477,ExcitatoryL6
53,cell_664,spot_5,0.9625776640976477,ExcitatoryL6
54,cell_1496,spot_5,0.9625776640976477,ExcitatoryL6
55,cell_349,spot_5,0.9625776640976477,ExcitatoryL6
56,cell_507,spot_5,0.9625776640976477,ExcitatoryL6
57,cell_1083,spot_5,0.9625776640976477,ExcitatoryL6
58,cell_184,spot_5,0.9625776640976477,ExcitatoryL6
59,cell_1449,spot_6,0.9608430460705399,ExcitatoryL5
60,cell_1445,spot_6,0.9608430460705399,ExcitatoryL5
61,cell_1489,spot_6,0.9608430460705399,Olig
62,cell_1068,spot_6,0.9608430460705399,Olig
63,cell_494,spot_6,0.9608430460705399,ExcitatoryL4
64,cell_1462,spot_6,0.9608430460705399,ExcitatoryL6
65,cell_1454,spot_6,0.9608430460705399,ExcitatoryL6
66,cell_1461,spot_6,0.9608430460705399,ExcitatoryL6
67,cell_713,spot_6,0.9608430460705399,ExcitatoryL6
68,cell_1482,spot_6,0.9608430460705399,ExcitatoryL6
69,cell_1348,spot_6,0.9608430460705399,ExcitatoryL6
70,cell_1272,spot_6,0.9608430460705399,ExcitatoryL6
71,cell_1500,spot_6,0.9608430460705399,ExcitatoryL6
72,cell_1449,spot_7,0.9699254796798499,ExcitatoryL5
73,cell_1445,spot_7,0.9699254796798499,ExcitatoryL5
74,cell_1470,spot_7,0.9699254796798499,ExcitatoryL2and3
75,cell_1489,spot_7,0.9699254796798499,Olig
76,cell_667,spot_7,0.9699254796798499,Olig
77,cell_1481,spot_7,0.9699254796798499,Endo
78,cell_405,spot_7,0.9699254796798499,Endo
79,cell_58,spot_7,0.9699254796798499,Endo
80,cell_1436,spot_7,0.9699254796798499,Endo
81,cell_494,spot_7,0.9699254796798499,ExcitatoryL4
82,cell_1462,spot_7,0.9699254796798499,ExcitatoryL6
83,cell_1454,spot_7,0.9699254796798499,ExcitatoryL6
84,cell_1449,spot_8,0.9461449115557472,ExcitatoryL5
85,cell_1445,spot_8,0.9461449115557472,ExcitatoryL5
86,cell_582,spot_8,0.9461449115557472,ExcitatoryL5
87,cell_1489,spot_8,0.9461449115557472,Olig
88,cell_1462,spot_8,0.9461449115557472,ExcitatoryL6
89,cell_1454,spot_8,0.9461449115557472,ExcitatoryL6
90,cell_1461,spot_8,0.9461449115557472,ExcitatoryL6
91,cell_713,spot_8,0.9461449115557472,ExcitatoryL6
92,cell_1449,spot_9,0.9598253635115384,ExcitatoryL5
93,cell_1445,spot_9,0.9598253635115384,ExcitatoryL5
94,cell_778,spot_9,0.9598253635115384,ExcitatoryL5
95,cell_1373,spot_9,0.9598253635115384,ExcitatoryL5
96,cell_46,spot_9,0.9598253635115384,ExcitatoryL5
97,cell_1068,spot_9,0.9598253635115384,Olig
98,cell_1433,spot_9,0.9598253635115384,Olig
99,cell_1489,spot_9,0.9598253635115384,Olig
100,cell_1481,spot_9,0.9598253635115384,Endo
101,cell_1462,spot_9,0.9598253635115384,ExcitatoryL6
102,cell_1449,spot_10,0.96695340544214,ExcitatoryL5
103,cell_1445,spot_10,0.96695340544214,ExcitatoryL5
104,cell_1481,spot_10,0.96695340544214,Endo
105,cell_405,spot_10,0.96695340544214,Endo
106,cell_1428,spot_10,0.96695340544214,Endo
107,cell_993,spot_10,0.96695340544214,ExcitatoryL4
108,cell_494,spot_10,0.96695340544214,ExcitatoryL4
109,cell_348,spot_10,0.96695340544214,ExcitatoryL4
110,cell_1094,spot_10,0.96695340544214,ExcitatoryL4
111,cell_1028,spot_10,0.96695340544214,ExcitatoryL4
112,cell_674,spot_10,0.96695340544214,Pvalb
113,cell_1422,spot_10,0.96695340544214,Pvalb
114,cell_1485,spot_11,0.9605041133559,Sst
115,cell_1481,spot_11,0.9605041133559,Endo
116,cell_58,spot_11,0.9605041133559,Endo
117,cell_677,spot_11,0.9605041133559,ExcitatoryL4
118,cell_1460,spot_11,0.9605041133559,ExcitatoryL4
119,cell_542,spot_11,0.9605041133559,ExcitatoryL4
120,cell_339,spot_11,0.9605041133559,ExcitatoryL4
121,cell_1359,spot_11,0.9605041133559,ExcitatoryL4
122,cell_993,spot_11,0.9605041133559,ExcitatoryL4
123,cell_1262,spot_11,0.9605041133559,ExcitatoryL4
124,cell_1291,spot_11,0.9605041133559,ExcitatoryL4
125,cell_1470,spot_12,0.9752136390260159,ExcitatoryL2and3
126,cell_690,spot_12,0.9752136390260159,ExcitatoryL2and3
127,cell_1028,spot_12,0.9752136390260159,ExcitatoryL4
128,cell_494,spot_12,0.9752136390260159,ExcitatoryL4
129,cell_348,spot_12,0.9752136390260159,ExcitatoryL4
130,cell_677,spot_12,0.9752136390260159,ExcitatoryL4
131,cell_1094,spot_12,0.9752136390260159,ExcitatoryL4
132,cell_508,spot_12,0.9752136390260159,ExcitatoryL4
133,cell_542,spot_12,0.9752136390260159,ExcitatoryL4
134,cell_905,spot_12,0.9752136390260159,ExcitatoryL4
135,cell_1359,spot_12,0.9752136390260159,ExcitatoryL4
136,cell_339,spot_12,0.9752136390260159,ExcitatoryL4
137,cell_1470,spot_13,0.9666685111337868,ExcitatoryL2and3
138,cell_347,spot_13,0.9666685111337868,ExcitatoryL2and3
139,cell_1442,spot_13,0.9666685111337868,ExcitatoryL2and3
140,cell_690,spot_13,0.9666685111337868,ExcitatoryL2and3
141,cell_1005,spot_13,0.9666685111337868,ExcitatoryL2and3
142,cell_1481,spot_13,0.9666685111337868,Endo
143,cell_222,spot_13,0.9666685111337868,Endo
144,cell_175,spot_13,0.9666685111337868,ExcitatoryL4
145,cell_1149,spot_13,0.9666685111337868,ExcitatoryL4
146,cell_1460,spot_13,0.9666685111337868,ExcitatoryL4
147,cell_813,spot_13,0.9666685111337868,ExcitatoryL4
148,cell_1485,spot_14,0.9447866381240917,Sst
149,cell_123,spot_14,0.9447866381240917,Sst
150,cell_1470,spot_14,0.9447866381240917,ExcitatoryL2and3
151,cell_347,spot_14,0.9447866381240917,ExcitatoryL2and3
152,cell_1442,spot_14,0.9447866381240917,ExcitatoryL2and3
153,cell_1266,spot_14,0.9447866381240917,ExcitatoryL2and3
154,cell_690,spot_14,0.9447866381240917,ExcitatoryL2and3
155,cell_689,spot_14,0.9447866381240917,ExcitatoryL2and3
156,cell_1005,spot_14,0.9447866381240917,ExcitatoryL2and3
157,cell_1481,spot_14,0.9447866381240917,Endo
158,cell_413,spot_14,0.9447866381240917,Micro
159,cell_1470,spot_15,0.9561512651147893,ExcitatoryL2and3
160,cell_20,spot_15,0.9561512651147893,ExcitatoryL2and3
161,cell_347,spot_15,0.9561512651147893,ExcitatoryL2and3
162,cell_1508,spot_15,0.9561512651147893,ExcitatoryL2and3
163,cell_1266,spot_15,0.9561512651147893,ExcitatoryL2and3
164,cell_1442,spot_15,0.9561512651147893,ExcitatoryL2and3
165,cell_506,spot_15,0.9561512651147893,ExcitatoryL2and3
166,cell_1481,spot_15,0.9561512651147893,Endo
167,cell_441,spot_15,0.9561512651147893,Endo
168,cell_405,spot_15,0.9561512651147893,Endo
169,cell_1405,spot_16,0.9582646991418294,Astro
170,cell_829,spot_16,0.9582646991418294,Astro
171,cell_1155,spot_16,0.9582646991418294,ExcitatoryL2and3
172,cell_689,spot_16,0.9582646991418294,ExcitatoryL2and3
173,cell_690,spot_16,0.9582646991418294,ExcitatoryL2and3
174,cell_987,spot_16,0.9582646991418294,ExcitatoryL2and3
175,cell_1005,spot_16,0.9582646991418294,ExcitatoryL2and3
176,cell_433,spot_16,0.9582646991418294,Vip
177,cell_1380,spot_16,0.9582646991418294,Endo
178,cell_58,spot_16,0.9582646991418294,Endo
179,cell_1436,spot_16,0.9582646991418294,Endo
180,cell_20,spot_17,0.9726624982727952,ExcitatoryL2and3
181,cell_1470,spot_17,0.9726624982727952,ExcitatoryL2and3
182,cell_1155,spot_17,0.9726624982727952,ExcitatoryL2and3
183,cell_533,spot_17,0.9726624982727952,ExcitatoryL2and3
184,cell_389,spot_17,0.9726624982727952,ExcitatoryL2and3
185,cell_1266,spot_17,0.9726624982727952,ExcitatoryL2and3
186,cell_1446,spot_17,0.9726624982727952,Vip
187,cell_433,spot_17,0.9726624982727952,Vip
188,cell_222,spot_17,0.9726624982727952,Endo
189,cell_710,spot_17,0.9726624982727952,Endo
190,cell_587,spot_18,0.9512195585131283,Other
191,cell_409,spot_18,0.9512195585131283,Other
192,cell_37,spot_18,0.9512195585131283,Other
193,cell_1392,spot_19,0.8781554688937988,Astro
194,cell_1390,spot_19,0.8781554688937988,Astro
195,cell_409,spot_19,0.8781554688937988,Other
196,cell_587,spot_19,0.8781554688937988,Other
197,cell_1446,spot_19,0.8781554688937988,Vip
198,cell_433,spot_19,0.8781554688937988,Vip
199,cell_1432,spot_20,0.9297474740688415,Astro
200,cell_629,spot_20,0.9297474740688415,Astro
201,cell_1392,spot_20,0.9297474740688415,Astro
202,cell_829,spot_20,0.9297474740688415,Astro
203,cell_1485,spot_20,0.9297474740688415,Sst
204,cell_675,spot_20,0.9297474740688415,Sst
205,cell_1336,spot_20,0.9297474740688415,Sst
206,cell_765,spot_20,0.9297474740688415,Olig
207,cell_74,spot_20,0.9297474740688415,Micro
208,cell_324,spot_21,0.8683480969505812,Astro
209,cell_1173,spot_21,0.8683480969505812,Olig
210,cell_303,spot_21,0.8683480969505812,Olig
211,cell_1076,spot_21,0.8683480969505812,Olig
212,cell_291,spot_21,0.8683480969505812,Olig
213,cell_495,spot_21,0.8683480969505812,Olig
214,cell_588,spot_21,0.8683480969505812,Olig
215,cell_459,spot_21,0.8683480969505812,Olig
216,cell_351,spot_21,0.8683480969505812,ExcitatoryL6
217,cell_324,spot_22,0.97957908469602,Astro
218,cell_1182,spot_22,0.97957908469602,Olig
219,cell_449,spot_22,0.97957908469602,Olig
220,cell_303,spot_22,0.97957908469602,Olig
221,cell_1173,spot_22,0.97957908469602,Olig
222,cell_1405,spot_23,0.9741086480609449,Astro
223,cell_1489,spot_23,0.9741086480609449,Olig
224,cell_1462,spot_23,0.9741086480609449,ExcitatoryL6
225,cell_1454,spot_23,0.9741086480609449,ExcitatoryL6
226,cell_1461,spot_23,0.9741086480609449,ExcitatoryL6
227,cell_1130,spot_23,0.9741086480609449,ExcitatoryL6
228,cell_1401,spot_23,0.9741086480609449,ExcitatoryL6
229,cell_713,spot_23,0.9741086480609449,ExcitatoryL6
230,cell_1426,spot_23,0.9741086480609449,ExcitatoryL6
231,cell_843,spot_23,0.9741086480609449,ExcitatoryL6
232,cell_93,spot_23,0.9741086480609449,ExcitatoryL6
233,cell_701,spot_23,0.9741086480609449,ExcitatoryL6
234,cell_751,spot_24,0.9612838880954181,Astro
235,cell_1503,spot_24,0.9612838880954181,Astro
236,cell_1485,spot_24,0.9612838880954181,Sst
237,cell_603,spot_24,0.9612838880954181,Other
238,cell_1306,spot_24,0.9612838880954181,Vip
239,cell_1462,spot_24,0.9612838880954181,ExcitatoryL6
240,cell_1454,spot_24,0.9612838880954181,ExcitatoryL6
241,cell_1461,spot_24,0.9612838880954181,ExcitatoryL6
242,cell_564,spot_24,0.9612838880954181,ExcitatoryL6
243,cell_131,spot_24,0.9612838880954181,ExcitatoryL6
244,cell_1496,spot_24,0.9612838880954181,ExcitatoryL6
245,cell_1462,spot_25,0.9673094653697475,ExcitatoryL6
246,cell_1454,spot_25,0.9673094653697475,ExcitatoryL6
247,cell_1461,spot_25,0.9673094653697475,ExcitatoryL6
248,cell_664,spot_25,0.9673094653697475,ExcitatoryL6
249,cell_29,spot_25,0.9673094653697475,ExcitatoryL6
250,cell_1237,spot_25,0.9673094653697475,ExcitatoryL6
251,cell_507,spot_25,0.9673094653697475,ExcitatoryL6
252,cell_184,spot_25,0.9673094653697475,ExcitatoryL6
253,cell_349,spot_25,0.9673094653697475,ExcitatoryL6
254,cell_1399,spot_25,0.9673094653697475,ExcitatoryL6
255,cell_1238,spot_25,0.9673094653697475,ExcitatoryL6
256,cell_1482,spot_25,0.9673094653697475,ExcitatoryL6
257,cell_606,spot_26,0.96843044785239,ExcitatoryL5
258,cell_1014,spot_26,0.96843044785239,ExcitatoryL2and3
259,cell_1481,spot_26,0.96843044785239,Endo
260,cell_1462,spot_26,0.96843044785239,ExcitatoryL6
261,cell_1454,spot_26,0.96843044785239,ExcitatoryL6
262,cell_1461,spot_26,0.96843044785239,ExcitatoryL6
263,cell_824,spot_26,0.96843044785239,ExcitatoryL6
264,cell_1083,spot_26,0.96843044785239,ExcitatoryL6
265,cell_1348,spot_26,0.96843044785239,ExcitatoryL6
266,cell_1295,spot_26,0.96843044785239,ExcitatoryL6
267,cell_1449,spot_27,0.9687154906238179,ExcitatoryL5
268,cell_1140,spot_27,0.9687154906238179,ExcitatoryL5
269,cell_1445,spot_27,0.9687154906238179,ExcitatoryL5
270,cell_582,spot_27,0.9687154906238179,ExcitatoryL5
271,cell_38,spot_27,0.9687154906238179,Endo
272,cell_425,spot_27,0.9687154906238179,Endo
273,cell_1462,spot_27,0.9687154906238179,ExcitatoryL6
274,cell_1454,spot_27,0.9687154906238179,ExcitatoryL6
275,cell_1432,spot_28,0.945405714895102,Astro
276,cell_582,spot_28,0.945405714895102,ExcitatoryL5
277,cell_1485,spot_28,0.945405714895102,Sst
278,cell_347,spot_28,0.945405714895102,ExcitatoryL2and3
279,cell_1068,spot_28,0.945405714895102,Olig
280,cell_1433,spot_28,0.945405714895102,Olig
281,cell_1428,spot_28,0.945405714895102,Endo
282,cell_1061,spot_28,0.945405714895102,ExcitatoryL6
283,cell_1390,spot_29,0.9621748644261442,Astro
284,cell_1260,spot_29,0.9621748644261442,Astro
285,cell_778,spot_29,0.9621748644261442,ExcitatoryL5
286,cell_723,spot_29,0.9621748644261442,Endo
287,cell_158,spot_29,0.9621748644261442,Endo
288,cell_441,spot_29,0.9621748644261442,Endo
289,cell_384,spot_29,0.9621748644261442,Endo
290,cell_364,spot_29,0.9621748644261442,Endo
291,cell_405,spot_29,0.9621748644261442,Endo
292,cell_993,spot_29,0.9621748644261442,ExcitatoryL4
293,cell_1462,spot_29,0.9621748644261442,ExcitatoryL6
294,cell_311,spot_30,0.9568071528634622,Endo
295,cell_67,spot_30,0.9568071528634622,Endo
296,cell_338,spot_30,0.9568071528634622,Endo
297,cell_222,spot_30,0.9568071528634622,Endo
298,cell_1380,spot_30,0.9568071528634622,Endo
299,cell_55,spot_30,0.9568071528634622,Endo
300,cell_58,spot_30,0.9568071528634622,Endo
301,cell_376,spot_30,0.9568071528634622,ExcitatoryL4
302,cell_109,spot_30,0.9568071528634622,ExcitatoryL4
303,cell_543,spot_30,0.9568071528634622,ExcitatoryL4
304,cell_1262,spot_30,0.9568071528634622,ExcitatoryL4
305,cell_32,spot_31,0.9597198373985778,ExcitatoryL2and3
306,cell_603,spot_31,0.9597198373985778,Other
307,cell_425,spot_31,0.9597198373985778,Endo
308,cell_710,spot_31,0.9597198373985778,Endo
309,cell_1436,spot_31,0.9597198373985778,Endo
310,cell_11,spot_31,0.9597198373985778,Endo
311,cell_219,spot_31,0.9597198373985778,ExcitatoryL4
312,cell_1028,spot_31,0.9597198373985778,ExcitatoryL4
313,cell_1291,spot_31,0.9597198373985778,ExcitatoryL4
314,cell_508,spot_31,0.9597198373985778,ExcitatoryL4
315,cell_677,spot_31,0.9597198373985778,ExcitatoryL4
316,cell_1154,spot_31,0.9597198373985778,Pvalb
317,cell_1508,spot_32,0.9644519901260258,ExcitatoryL2and3
318,cell_1442,spot_32,0.9644519901260258,ExcitatoryL2and3
319,cell_690,spot_32,0.9644519901260258,ExcitatoryL2and3
320,cell_1428,spot_32,0.9644519901260258,Endo
321,cell_38,spot_32,0.9644519901260258,Endo
322,cell_1231,spot_32,0.9644519901260258,Endo
323,cell_1189,spot_32,0.9644519901260258,Endo
324,cell_283,spot_32,0.9644519901260258,Endo
325,cell_1094,spot_32,0.9644519901260258,ExcitatoryL4
326,cell_494,spot_32,0.9644519901260258,ExcitatoryL4
327,cell_1462,spot_32,0.9644519901260258,ExcitatoryL6
328,cell_1405,spot_33,0.9473401960359753,Astro
329,cell_936,spot_33,0.9473401960359753,Astro
330,cell_506,spot_33,0.9473401960359753,ExcitatoryL2and3
331,cell_689,spot_33,0.9473401960359753,ExcitatoryL2and3
332,cell_568,spot_33,0.9473401960359753,ExcitatoryL2and3
333,cell_755,spot_33,0.9473401960359753,Endo
334,cell_514,spot_33,0.9473401960359753,Endo
335,cell_441,spot_33,0.9473401960359753,Endo
336,cell_67,spot_33,0.9473401960359753,Endo
337,cell_1059,spot_33,0.9473401960359753,Endo
338,cell_384,spot_33,0.9473401960359753,Endo
339,cell_829,spot_34,0.9620239438806053,Astro
340,cell_1122,spot_34,0.9620239438806053,ExcitatoryL2and3
341,cell_578,spot_34,0.9620239438806053,ExcitatoryL2and3
342,cell_1389,spot_34,0.9620239438806053,ExcitatoryL2and3
343,cell_987,spot_34,0.9620239438806053,ExcitatoryL2and3
344,cell_1480,spot_34,0.9620239438806053,ExcitatoryL2and3
345,cell_1005,spot_34,0.9620239438806053,ExcitatoryL2and3
346,cell_1014,spot_34,0.9620239438806053,ExcitatoryL2and3
347,cell_157,spot_34,0.9620239438806053,Endo
348,cell_1481,spot_34,0.9620239438806053,Endo
349,cell_1040,spot_34,0.9620239438806053,Endo
350,cell_723,spot_34,0.9620239438806053,Endo
351,cell_533,spot_35,0.9583147714444067,ExcitatoryL2and3
352,cell_20,spot_35,0.9583147714444067,ExcitatoryL2and3
353,cell_1407,spot_35,0.9583147714444067,ExcitatoryL2and3
354,cell_924,spot_35,0.9583147714444067,ExcitatoryL2and3
355,cell_32,spot_35,0.9583147714444067,ExcitatoryL2and3
356,cell_667,spot_35,0.9583147714444067,Olig
357,cell_405,spot_35,0.9583147714444067,Endo
358,cell_158,spot_35,0.9583147714444067,Endo
359,cell_364,spot_35,0.9583147714444067,Endo
360,cell_338,spot_35,0.9583147714444067,Endo
361,cell_1444,spot_35,0.9583147714444067,Pvalb
362,cell_674,spot_35,0.9583147714444067,Pvalb
363,cell_389,spot_36,0.9548929497824185,ExcitatoryL2and3
364,cell_347,spot_36,0.9548929497824185,ExcitatoryL2and3
365,cell_1470,spot_36,0.9548929497824185,ExcitatoryL2and3
366,cell_1510,spot_36,0.9548929497824185,Other
367,cell_641,spot_36,0.9548929497824185,Other
368,cell_603,spot_36,0.9548929497824185,Other
369,cell_216,spot_36,0.9548929497824185,Endo
370,cell_1419,spot_36,0.9548929497824185,Endo
371,cell_1380,spot_36,0.9548929497824185,Endo
372,cell_311,spot_36,0.9548929497824185,Endo
373,cell_629,spot_37,0.9231603279255945,Astro
374,cell_307,spot_37,0.9231603279255945,Astro
375,cell_55,spot_37,0.9231603279255945,Endo
376,cell_216,spot_37,0.9231603279255945,Endo
377,cell_38,spot_37,0.9231603279255945,Endo
378,cell_708,spot_37,0.9231603279255945,Endo
379,cell_1423,spot_37,0.9231603279255945,Endo
380,cell_409,spot_38,0.989820911785265,Other
381,cell_641,spot_38,0.989820911785265,Other
382,cell_401,spot_38,0.989820911785265,HPC
383,cell_869,spot_38,0.989820911785265,HPC
384,cell_470,spot_38,0.989820911785265,HPC
385,cell_531,spot_38,0.989820911785265,HPC
386,cell_631,spot_38,0.989820911785265,HPC
387,cell_79,spot_38,0.989820911785265,HPC
388,cell_46,spot_39,0.9822101340477833,ExcitatoryL5
389,cell_582,spot_39,0.9822101340477833,ExcitatoryL5
390,cell_1049,spot_39,0.9822101340477833,Olig
391,cell_291,spot_39,0.9822101340477833,Olig
392,cell_495,spot_39,0.9822101340477833,Olig
393,cell_1076,spot_39,0.9822101340477833,Olig
394,cell_324,spot_40,0.9623965256367665,Astro
395,cell_855,spot_40,0.9623965256367665,Astro
396,cell_1321,spot_40,0.9623965256367665,Astro
397,cell_81,spot_40,0.9623965256367665,Olig
398,cell_588,spot_40,0.9623965256367665,Olig
399,cell_1206,spot_40,0.9623965256367665,Olig
400,cell_61,spot_40,0.9623965256367665,Olig
401,cell_459,spot_40,0.9623965256367665,Olig
402,cell_360,spot_41,0.8625270567413778,Astro
403,cell_439,spot_41,0.8625270567413778,Olig
404,cell_1206,spot_41,0.8625270567413778,Olig
405,cell_714,spot_41,0.8625270567413778,Olig
406,cell_751,spot_42,0.9757262069744017,Astro
407,cell_1392,spot_42,0.9757262069744017,Astro
408,cell_1300,spot_42,0.9757262069744017,Olig
409,cell_1454,spot_42,0.9757262069744017,ExcitatoryL6
410,cell_1462,spot_42,0.9757262069744017,ExcitatoryL6
411,cell_1257,spot_42,0.9757262069744017,ExcitatoryL6
412,cell_1471,spot_42,0.9757262069744017,ExcitatoryL6
413,cell_1130,spot_42,0.9757262069744017,ExcitatoryL6
414,cell_843,spot_42,0.9757262069744017,ExcitatoryL6
415,cell_1215,spot_42,0.9757262069744017,ExcitatoryL6
416,cell_1367,spot_42,0.9757262069744017,ExcitatoryL6
417,cell_848,spot_42,0.9757262069744017,ExcitatoryL6
418,cell_1508,spot_43,0.9751882659248043,ExcitatoryL2and3
419,cell_710,spot_43,0.9751882659248043,Endo
420,cell_1027,spot_43,0.9751882659248043,ExcitatoryL6
421,cell_1426,spot_43,0.9751882659248043,ExcitatoryL6
422,cell_1272,spot_43,0.9751882659248043,ExcitatoryL6
423,cell_1159,spot_43,0.9751882659248043,ExcitatoryL6
424,cell_131,spot_43,0.9751882659248043,ExcitatoryL6
425,cell_1500,spot_43,0.9751882659248043,ExcitatoryL6
426,cell_564,spot_43,0.9751882659248043,ExcitatoryL6
427,cell_1170,spot_43,0.9751882659248043,ExcitatoryL6
428,cell_713,spot_43,0.9751882659248043,ExcitatoryL6
429,cell_1503,spot_44,0.9746017829850513,Astro
430,cell_1489,spot_44,0.9746017829850513,Olig
431,cell_424,spot_44,0.9746017829850513,Micro
432,cell_413,spot_44,0.9746017829850513,Micro
433,cell_406,spot_44,0.9746017829850513,Pvalb
434,cell_1454,spot_44,0.9746017829850513,ExcitatoryL6
435,cell_1462,spot_44,0.9746017829850513,ExcitatoryL6
436,cell_1401,spot_44,0.9746017829850513,ExcitatoryL6
437,cell_93,spot_44,0.9746017829850513,ExcitatoryL6
438,cell_195,spot_44,0.9746017829850513,ExcitatoryL6
439,cell_1075,spot_44,0.9746017829850513,ExcitatoryL6
440,cell_1390,spot_45,0.9663748264824483,Astro
441,cell_550,spot_45,0.9663748264824483,Astro
442,cell_1373,spot_45,0.9663748264824483,ExcitatoryL5
443,cell_1436,spot_45,0.9663748264824483,Endo
444,cell_388,spot_45,0.9663748264824483,Micro
445,cell_664,spot_45,0.9663748264824483,ExcitatoryL6
446,cell_1399,spot_45,0.9663748264824483,ExcitatoryL6
447,cell_268,spot_45,0.9663748264824483,ExcitatoryL6
448,cell_1432,spot_46,0.9750153982479769,Astro
449,cell_580,spot_46,0.9750153982479769,ExcitatoryL5
450,cell_1449,spot_46,0.9750153982479769,ExcitatoryL5
451,cell_606,spot_46,0.9750153982479769,ExcitatoryL5
452,cell_1485,spot_46,0.9750153982479769,Sst
453,cell_603,spot_46,0.9750153982479769,Other
454,cell_765,spot_46,0.9750153982479769,Olig
455,cell_424,spot_46,0.9750153982479769,Micro
456,cell_135,spot_46,0.9750153982479769,ExcitatoryL6
457,cell_1237,spot_46,0.9750153982479769,ExcitatoryL6
458,cell_1140,spot_47,0.9796876444704172,ExcitatoryL5
459,cell_862,spot_47,0.9796876444704172,ExcitatoryL5
460,cell_1222,spot_47,0.9796876444704172,ExcitatoryL5
461,cell_1342,spot_47,0.9796876444704172,ExcitatoryL5
462,cell_1445,spot_47,0.9796876444704172,ExcitatoryL5
463,cell_82,spot_47,0.9796876444704172,Vip
464,cell_1481,spot_47,0.9796876444704172,Endo
465,cell_507,spot_47,0.9796876444704172,ExcitatoryL6
466,cell_29,spot_47,0.9796876444704172,ExcitatoryL6
467,cell_1496,spot_47,0.9796876444704172,ExcitatoryL6
468,cell_58,spot_48,0.981867347815068,Endo
469,cell_1428,spot_48,0.981867347815068,Endo
470,cell_11,spot_48,0.981867347815068,Endo
471,cell_348,spot_48,0.981867347815068,ExcitatoryL4
472,cell_1359,spot_48,0.981867347815068,ExcitatoryL4
473,cell_842,spot_48,0.981867347815068,ExcitatoryL4
474,cell_1422,spot_48,0.981867347815068,Pvalb
475,cell_1154,spot_48,0.981867347815068,Pvalb
476,cell_349,spot_48,0.981867347815068,ExcitatoryL6
477,cell_222,spot_49,0.9886927015294007,Endo
478,cell_441,spot_49,0.9886927015294007,Endo
479,cell_339,spot_49,0.9886927015294007,ExcitatoryL4
480,cell_175,spot_49,0.9886927015294007,ExcitatoryL4
481,cell_905,spot_49,0.9886927015294007,ExcitatoryL4
482,cell_542,spot_49,0.9886927015294007,ExcitatoryL4
483,cell_376,spot_49,0.9886927015294007,ExcitatoryL4
484,cell_483,spot_49,0.9886927015294007,ExcitatoryL4
485,cell_1460,spot_49,0.9886927015294007,ExcitatoryL4
486,cell_1393,spot_49,0.9886927015294007,ExcitatoryL4
487,cell_833,spot_49,0.9886927015294007,Pvalb
488,cell_1231,spot_50,0.9629842846344103,Endo
489,cell_72,spot_50,0.9629842846344103,Endo
490,cell_283,spot_50,0.9629842846344103,Endo
491,cell_993,spot_50,0.9629842846344103,ExcitatoryL4
492,cell_1149,spot_50,0.9629842846344103,ExcitatoryL4
493,cell_813,spot_50,0.9629842846344103,ExcitatoryL4
494,cell_892,spot_50,0.9629842846344103,ExcitatoryL4
495,cell_940,spot_50,0.9629842846344103,ExcitatoryL4
496,cell_379,spot_50,0.9629842846344103,ExcitatoryL4
497,cell_662,spot_50,0.9629842846344103,ExcitatoryL4
498,cell_1444,spot_50,0.9629842846344103,Pvalb
499,cell_1442,spot_51,0.9786764820028503,ExcitatoryL2and3
500,cell_1266,spot_51,0.9786764820028503,ExcitatoryL2and3
501,cell_1155,spot_51,0.9786764820028503,ExcitatoryL2and3
502,cell_1245,spot_51,0.9786764820028503,ExcitatoryL2and3
503,cell_690,spot_51,0.9786764820028503,ExcitatoryL2and3
504,cell_1391,spot_51,0.9786764820028503,Endo
505,cell_1189,spot_51,0.9786764820028503,Endo
506,cell_755,spot_51,0.9786764820028503,Endo
507,cell_999,spot_51,0.9786764820028503,Npy
508,cell_411,spot_51,0.9786764820028503,Npy
509,cell_976,spot_51,0.9786764820028503,Pvalb
510,cell_406,spot_51,0.9786764820028503,Pvalb
511,cell_372,spot_52,0.9817043518009738,ExcitatoryL2and3
512,cell_506,spot_52,0.9817043518009738,ExcitatoryL2and3
513,cell_527,spot_52,0.9817043518009738,ExcitatoryL2and3
514,cell_689,spot_52,0.9817043518009738,ExcitatoryL2and3
515,cell_994,spot_52,0.9817043518009738,ExcitatoryL2and3
516,cell_1122,spot_52,0.9817043518009738,ExcitatoryL2and3
517,cell_389,spot_52,0.9817043518009738,ExcitatoryL2and3
518,cell_674,spot_52,0.9817043518009738,Pvalb
519,cell_1358,spot_52,0.9817043518009738,ExcitatoryL6
520,cell_491,spot_52,0.9817043518009738,ExcitatoryL6
521,cell_596,spot_53,0.9820459717536513,ExcitatoryL2and3
522,cell_578,spot_53,0.9820459717536513,ExcitatoryL2and3
523,cell_568,spot_53,0.9820459717536513,ExcitatoryL2and3
524,cell_1168,spot_53,0.9820459717536513,ExcitatoryL2and3
525,cell_590,spot_53,0.9820459717536513,ExcitatoryL2and3
526,cell_1470,spot_53,0.9820459717536513,ExcitatoryL2and3
527,cell_1389,spot_53,0.9820459717536513,ExcitatoryL2and3
528,cell_1005,spot_53,0.9820459717536513,ExcitatoryL2and3
529,cell_445,spot_53,0.9820459717536513,Vip
530,cell_1446,spot_53,0.9820459717536513,Vip
531,cell_433,spot_53,0.9820459717536513,Vip
532,cell_559,spot_53,0.9820459717536513,Olig
533,cell_471,spot_54,0.9704316372720856,Sst
534,cell_1409,spot_54,0.9704316372720856,Sst
535,cell_533,spot_54,0.9704316372720856,ExcitatoryL2and3
536,cell_246,spot_54,0.9704316372720856,ExcitatoryL2and3
537,cell_148,spot_54,0.9704316372720856,ExcitatoryL2and3
538,cell_20,spot_54,0.9704316372720856,ExcitatoryL2and3
539,cell_32,spot_54,0.9704316372720856,ExcitatoryL2and3
540,cell_1490,spot_54,0.9704316372720856,ExcitatoryL2and3
541,cell_626,spot_54,0.9704316372720856,ExcitatoryL2and3
542,cell_1014,spot_54,0.9704316372720856,ExcitatoryL2and3
543,cell_1306,spot_54,0.9704316372720856,Vip
544,cell_230,spot_55,0.9651964990182037,Astro
545,cell_307,spot_55,0.9651964990182037,Astro
546,cell_505,spot_55,0.9651964990182037,Astro
547,cell_587,spot_55,0.9651964990182037,Other
548,cell_409,spot_55,0.9651964990182037,Other
549,cell_1446,spot_55,0.9651964990182037,Vip
550,cell_82,spot_55,0.9651964990182037,Vip
551,cell_999,spot_55,0.9651964990182037,Npy
552,cell_411,spot_55,0.9651964990182037,Npy
553,cell_522,spot_56,0.8989502985214675,Astro
554,cell_447,spot_56,0.8989502985214675,Astro
555,cell_274,spot_56,0.8989502985214675,Endo
556,cell_364,spot_56,0.8989502985214675,Endo
557,cell_1510,spot_57,0.9853841216725133,Other
558,cell_641,spot_57,0.9853841216725133,Other
559,cell_921,spot_57,0.9853841216725133,Olig
560,cell_1068,spot_57,0.9853841216725133,Olig
561,cell_401,spot_57,0.9853841216725133,HPC
562,cell_869,spot_57,0.9853841216725133,HPC
563,cell_631,spot_57,0.9853841216725133,HPC
564,cell_531,spot_57,0.9853841216725133,HPC
565,cell_1341,spot_58,0.9727988796917506,Astro
566,cell_324,spot_58,0.9727988796917506,Astro
567,cell_1432,spot_58,0.9727988796917506,Astro
568,cell_192,spot_58,0.9727988796917506,Astro
569,cell_522,spot_58,0.9727988796917506,Astro
570,cell_46,spot_58,0.9727988796917506,ExcitatoryL5
571,cell_1049,spot_58,0.9727988796917506,Olig
572,cell_324,spot_59,0.9247668840285151,Astro
573,cell_1182,spot_59,0.9247668840285151,Olig
574,cell_303,spot_59,0.9247668840285151,Olig
575,cell_1173,spot_59,0.9247668840285151,Olig
576,cell_449,spot_60,0.9671558184471419,Olig
577,cell_81,spot_60,0.9671558184471419,Olig
578,cell_588,spot_60,0.9671558184471419,Olig
579,cell_1369,spot_60,0.9671558184471419,Olig
580,cell_291,spot_60,0.9671558184471419,Olig
581,cell_1270,spot_60,0.9671558184471419,Micro
582,cell_351,spot_60,0.9671558184471419,ExcitatoryL6
583,cell_619,spot_61,0.973630927943266,Astro
584,cell_1260,spot_61,0.973630927943266,Astro
585,cell_629,spot_61,0.973630927943266,Astro
586,cell_1485,spot_61,0.973630927943266,Sst
587,cell_675,spot_61,0.973630927943266,Sst
588,cell_1433,spot_61,0.973630927943266,Olig
589,cell_553,spot_61,0.973630927943266,ExcitatoryL6
590,cell_1061,spot_61,0.973630927943266,ExcitatoryL6
591,cell_1370,spot_61,0.973630927943266,ExcitatoryL6
592,cell_1219,spot_61,0.973630927943266,ExcitatoryL6
593,cell_691,spot_61,0.973630927943266,ExcitatoryL6
594,cell_1058,spot_61,0.973630927943266,ExcitatoryL6
595,cell_1405,spot_62,0.98105232257002,Astro
596,cell_936,spot_62,0.98105232257002,Astro
597,cell_1283,spot_62,0.98105232257002,ExcitatoryL5
598,cell_988,spot_62,0.98105232257002,Other
599,cell_603,spot_62,0.98105232257002,Other
600,cell_1073,spot_62,0.98105232257002,ExcitatoryL6
601,cell_1290,spot_62,0.98105232257002,ExcitatoryL6
602,cell_1461,spot_62,0.98105232257002,ExcitatoryL6
603,cell_701,spot_62,0.98105232257002,ExcitatoryL6
604,cell_585,spot_63,0.9834771057170621,ExcitatoryL5
605,cell_1373,spot_63,0.9834771057170621,ExcitatoryL5
606,cell_471,spot_63,0.9834771057170621,Sst
607,cell_1409,spot_63,0.9834771057170621,Sst
608,cell_184,spot_63,0.9834771057170621,ExcitatoryL6
609,cell_1365,spot_63,0.9834771057170621,ExcitatoryL6
610,cell_1238,spot_63,0.9834771057170621,ExcitatoryL6
611,cell_224,spot_63,0.9834771057170621,ExcitatoryL6
612,cell_1348,spot_63,0.9834771057170621,ExcitatoryL6
613,cell_1482,spot_63,0.9834771057170621,ExcitatoryL6
614,cell_1083,spot_63,0.9834771057170621,ExcitatoryL6
615,cell_1101,spot_63,0.9834771057170621,ExcitatoryL6
616,cell_778,spot_64,0.9593854149538056,ExcitatoryL5
617,cell_1144,spot_64,0.9593854149538056,ExcitatoryL5
618,cell_580,spot_64,0.9593854149538056,ExcitatoryL5
619,cell_1449,spot_64,0.9593854149538056,ExcitatoryL5
620,cell_347,spot_64,0.9593854149538056,ExcitatoryL2and3
621,cell_922,spot_64,0.9593854149538056,ExcitatoryL6
622,cell_1209,spot_64,0.9593854149538056,ExcitatoryL6
623,cell_606,spot_65,0.9804230541037808,ExcitatoryL5
624,cell_251,spot_65,0.9804230541037808,ExcitatoryL5
625,cell_1197,spot_65,0.9804230541037808,Other
626,cell_1300,spot_65,0.9804230541037808,Olig
627,cell_667,spot_65,0.9804230541037808,Olig
628,cell_1513,spot_65,0.9804230541037808,Olig
629,cell_1408,spot_65,0.9804230541037808,Endo
630,cell_1040,spot_65,0.9804230541037808,Endo
631,cell_1471,spot_65,0.9804230541037808,ExcitatoryL6
632,cell_1367,spot_65,0.9804230541037808,ExcitatoryL6
633,cell_843,spot_65,0.9804230541037808,ExcitatoryL6
634,cell_829,spot_66,0.985768548215037,Astro
635,cell_313,spot_66,0.985768548215037,Astro
636,cell_751,spot_66,0.985768548215037,Astro
637,cell_1140,spot_66,0.985768548215037,ExcitatoryL5
638,cell_68,spot_66,0.985768548215037,ExcitatoryL5
639,cell_1222,spot_66,0.985768548215037,ExcitatoryL5
640,cell_1445,spot_66,0.985768548215037,ExcitatoryL5
641,cell_862,spot_66,0.985768548215037,ExcitatoryL5
642,cell_1215,spot_66,0.985768548215037,ExcitatoryL6
643,cell_747,spot_66,0.985768548215037,ExcitatoryL6
644,cell_824,spot_66,0.985768548215037,ExcitatoryL6
645,cell_1514,spot_66,0.985768548215037,ExcitatoryL6
646,cell_390,spot_67,0.9779226035254597,Olig
647,cell_559,spot_67,0.9779226035254597,Olig
648,cell_425,spot_67,0.9779226035254597,Endo
649,cell_543,spot_67,0.9779226035254597,ExcitatoryL4
650,cell_99,spot_67,0.9779226035254597,ExcitatoryL4
651,cell_109,spot_67,0.9779226035254597,ExcitatoryL4
652,cell_1262,spot_67,0.9779226035254597,ExcitatoryL4
653,cell_494,spot_67,0.9779226035254597,ExcitatoryL4
654,cell_348,spot_67,0.9779226035254597,ExcitatoryL4
655,cell_810,spot_67,0.9779226035254597,ExcitatoryL6
656,cell_412,spot_67,0.9779226035254597,ExcitatoryL6
657,cell_657,spot_68,0.9727903735219023,Astro
658,cell_764,spot_68,0.9727903735219023,Astro
659,cell_1412,spot_68,0.9727903735219023,Other
660,cell_298,spot_68,0.9727903735219023,Endo
661,cell_402,spot_68,0.9727903735219023,ExcitatoryL4
662,cell_1302,spot_68,0.9727903735219023,ExcitatoryL4
663,cell_877,spot_68,0.9727903735219023,ExcitatoryL4
664,cell_665,spot_68,0.9727903735219023,ExcitatoryL4
665,cell_1291,spot_68,0.9727903735219023,ExcitatoryL4
666,cell_508,spot_68,0.9727903735219023,ExcitatoryL4
667,cell_1139,spot_68,0.9727903735219023,ExcitatoryL4
668,cell_1494,spot_69,0.9725463941399366,ExcitatoryL5
669,cell_987,spot_69,0.9725463941399366,ExcitatoryL2and3
670,cell_1380,spot_69,0.9725463941399366,Endo
671,cell_1094,spot_69,0.9725463941399366,ExcitatoryL4
672,cell_1028,spot_69,0.9725463941399366,ExcitatoryL4
673,cell_542,spot_69,0.9725463941399366,ExcitatoryL4
674,cell_891,spot_69,0.9725463941399366,ExcitatoryL4
675,cell_980,spot_69,0.9725463941399366,ExcitatoryL4
676,cell_677,spot_69,0.9725463941399366,ExcitatoryL4
677,cell_993,spot_69,0.9725463941399366,ExcitatoryL4
678,cell_1149,spot_69,0.9725463941399366,ExcitatoryL4
679,cell_1390,spot_70,0.9800663546167091,Astro
680,cell_1407,spot_70,0.9800663546167091,ExcitatoryL2and3
681,cell_1480,spot_70,0.9800663546167091,ExcitatoryL2and3
682,cell_1152,spot_70,0.9800663546167091,ExcitatoryL2and3
683,cell_1442,spot_70,0.9800663546167091,ExcitatoryL2and3
684,cell_1266,spot_70,0.9800663546167091,ExcitatoryL2and3
685,cell_1510,spot_70,0.9800663546167091,Other
686,cell_409,spot_70,0.9800663546167091,Other
687,cell_503,spot_70,0.9800663546167091,ExcitatoryL4
688,cell_175,spot_70,0.9800663546167091,ExcitatoryL4
689,cell_1359,spot_70,0.9800663546167091,ExcitatoryL4
690,cell_1332,spot_70,0.9800663546167091,ExcitatoryL4
691,cell_204,spot_71,0.9695158498587848,Astro
692,cell_1392,spot_71,0.9695158498587848,Astro
693,cell_372,spot_71,0.9695158498587848,ExcitatoryL2and3
694,cell_977,spot_71,0.9695158498587848,ExcitatoryL2and3
695,cell_924,spot_71,0.9695158498587848,ExcitatoryL2and3
696,cell_1508,spot_71,0.9695158498587848,ExcitatoryL2and3
697,cell_1253,spot_71,0.9695158498587848,ExcitatoryL2and3
698,cell_506,spot_71,0.9695158498587848,ExcitatoryL2and3
699,cell_782,spot_71,0.9695158498587848,ExcitatoryL2and3
700,cell_299,spot_71,0.9695158498587848,ExcitatoryL2and3
701,cell_451,spot_71,0.9695158498587848,Vip
702,cell_157,spot_71,0.9695158498587848,Endo
703,cell_67,spot_71,0.9695158498587848,Endo
704,cell_577,spot_72,0.9755870952204897,Astro
705,cell_689,spot_72,0.9755870952204897,ExcitatoryL2and3
706,cell_214,spot_72,0.9755870952204897,ExcitatoryL2and3
707,cell_1155,spot_72,0.9755870952204897,ExcitatoryL2and3
708,cell_690,spot_72,0.9755870952204897,ExcitatoryL2and3
709,cell_1245,spot_72,0.9755870952204897,ExcitatoryL2and3
710,cell_17,spot_72,0.9755870952204897,ExcitatoryL2and3
711,cell_1489,spot_72,0.9755870952204897,Olig
712,cell_1074,spot_72,0.9755870952204897,Olig
713,cell_723,spot_72,0.9755870952204897,Endo
714,cell_842,spot_72,0.9755870952204897,ExcitatoryL4
715,cell_1422,spot_72,0.9755870952204897,Pvalb
716,cell_1273,spot_73,0.9810903864519263,ExcitatoryL2and3
717,cell_596,spot_73,0.9810903864519263,ExcitatoryL2and3
718,cell_590,spot_73,0.9810903864519263,ExcitatoryL2and3
719,cell_419,spot_73,0.9810903864519263,ExcitatoryL2and3
720,cell_165,spot_73,0.9810903864519263,ExcitatoryL2and3
721,cell_5,spot_73,0.9810903864519263,ExcitatoryL2and3
722,cell_994,spot_73,0.9810903864519263,ExcitatoryL2and3
723,cell_578,spot_73,0.9810903864519263,ExcitatoryL2and3
724,cell_568,spot_73,0.9810903864519263,ExcitatoryL2and3
725,cell_1385,spot_73,0.9810903864519263,ExcitatoryL2and3
726,cell_206,spot_73,0.9810903864519263,ExcitatoryL2and3
727,cell_311,spot_73,0.9810903864519263,Endo
728,cell_601,spot_74,0.9702753915348572,Astro
729,cell_515,spot_74,0.9702753915348572,Astro
730,cell_533,spot_74,0.9702753915348572,ExcitatoryL2and3
731,cell_600,spot_74,0.9702753915348572,Other
732,cell_167,spot_74,0.9702753915348572,Endo
733,cell_833,spot_74,0.9702753915348572,Pvalb
734,cell_192,spot_75,0.8122141373025424,Astro
735,cell_31,spot_75,0.8122141373025424,Astro
736,cell_61,spot_75,0.8122141373025424,Olig
737,cell_459,spot_75,0.8122141373025424,Olig
738,cell_888,spot_76,0.9383343974813134,ExcitatoryL5
739,cell_778,spot_76,0.9383343974813134,ExcitatoryL5
740,cell_1342,spot_76,0.9383343974813134,ExcitatoryL5
741,cell_1373,spot_76,0.9383343974813134,ExcitatoryL5
742,cell_657,spot_77,0.9631061815042871,Astro
743,cell_505,spot_77,0.9631061815042871,Astro
744,cell_629,spot_77,0.9631061815042871,Astro
745,cell_1260,spot_77,0.9631061815042871,Astro
746,cell_313,spot_77,0.9631061815042871,Astro
747,cell_1283,spot_77,0.9631061815042871,ExcitatoryL5
748,cell_135,spot_77,0.9631061815042871,ExcitatoryL6
749,cell_324,spot_78,0.9017906028171037,Astro
750,cell_1076,spot_78,0.9017906028171037,Olig
751,cell_495,spot_78,0.9017906028171037,Olig
752,cell_439,spot_78,0.9017906028171037,Olig
753,cell_643,spot_78,0.9017906028171037,Olig
754,cell_392,spot_78,0.9017906028171037,Olig
755,cell_1351,spot_78,0.9017906028171037,Olig
756,cell_450,spot_78,0.9017906028171037,Endo
757,cell_324,spot_79,0.9135473952041766,Astro
758,cell_921,spot_79,0.9135473952041766,Olig
759,cell_1049,spot_79,0.9135473952041766,Olig
760,cell_303,spot_79,0.9135473952041766,Olig
761,cell_1173,spot_79,0.9135473952041766,Olig
762,cell_291,spot_79,0.9135473952041766,Olig
763,cell_1076,spot_79,0.9135473952041766,Olig
764,cell_495,spot_79,0.9135473952041766,Olig
765,cell_714,spot_79,0.9135473952041766,Olig
766,cell_619,spot_80,0.9744502487972635,Astro
767,cell_585,spot_80,0.9744502487972635,ExcitatoryL5
768,cell_580,spot_80,0.9744502487972635,ExcitatoryL5
769,cell_405,spot_80,0.9744502487972635,Endo
770,cell_1402,spot_80,0.9744502487972635,Endo
771,cell_1257,spot_80,0.9744502487972635,ExcitatoryL6
772,cell_1295,spot_80,0.9744502487972635,ExcitatoryL6
773,cell_848,spot_80,0.9744502487972635,ExcitatoryL6
774,cell_1454,spot_80,0.9744502487972635,ExcitatoryL6
775,cell_191,spot_80,0.9744502487972635,ExcitatoryL6
776,cell_1401,spot_80,0.9744502487972635,ExcitatoryL6
777,cell_1462,spot_80,0.9744502487972635,ExcitatoryL6
778,cell_710,spot_81,0.979162590731908,Endo
779,cell_383,spot_81,0.979162590731908,Endo
780,cell_1130,spot_81,0.979162590731908,ExcitatoryL6
781,cell_1027,spot_81,0.979162590731908,ExcitatoryL6
782,cell_713,spot_81,0.979162590731908,ExcitatoryL6
783,cell_501,spot_81,0.979162590731908,ExcitatoryL6
784,cell_1159,spot_81,0.979162590731908,ExcitatoryL6
785,cell_1500,spot_81,0.979162590731908,ExcitatoryL6
786,cell_664,spot_81,0.979162590731908,ExcitatoryL6
787,cell_1272,spot_81,0.979162590731908,ExcitatoryL6
788,cell_1426,spot_81,0.979162590731908,ExcitatoryL6
789,cell_1503,spot_82,0.9746025014660539,Astro
790,cell_1389,spot_82,0.9746025014660539,ExcitatoryL2and3
791,cell_949,spot_82,0.9746025014660539,Micro
792,cell_1307,spot_82,0.9746025014660539,Pvalb
793,cell_195,spot_82,0.9746025014660539,ExcitatoryL6
794,cell_564,spot_82,0.9746025014660539,ExcitatoryL6
795,cell_14,spot_82,0.9746025014660539,ExcitatoryL6
796,cell_1073,spot_82,0.9746025014660539,ExcitatoryL6
797,cell_29,spot_82,0.9746025014660539,ExcitatoryL6
798,cell_829,spot_83,0.9855568994945917,Astro
799,cell_936,spot_83,0.9855568994945917,Astro
800,cell_1449,spot_83,0.9855568994945917,ExcitatoryL5
801,cell_1485,spot_83,0.9855568994945917,Sst
802,cell_1266,spot_83,0.9855568994945917,ExcitatoryL2and3
803,cell_708,spot_83,0.9855568994945917,Endo
804,cell_55,spot_83,0.9855568994945917,Endo
805,cell_413,spot_83,0.9855568994945917,Micro
806,cell_1154,spot_83,0.9855568994945917,Pvalb
807,cell_1399,spot_83,0.9855568994945917,ExcitatoryL6
808,cell_1170,spot_83,0.9855568994945917,ExcitatoryL6
809,cell_606,spot_84,0.9850495704221061,ExcitatoryL5
810,cell_251,spot_84,0.9850495704221061,ExcitatoryL5
811,cell_1144,spot_84,0.9850495704221061,ExcitatoryL5
812,cell_46,spot_84,0.9850495704221061,ExcitatoryL5
813,cell_1420,spot_84,0.9850495704221061,ExcitatoryL5
814,cell_1164,spot_84,0.9850495704221061,ExcitatoryL5
815,cell_1226,spot_84,0.9850495704221061,ExcitatoryL5
816,cell_979,spot_84,0.9850495704221061,ExcitatoryL6
817,cell_131,spot_84,0.9850495704221061,ExcitatoryL6
818,cell_582,spot_85,0.9671361069277818,ExcitatoryL5
819,cell_1140,spot_85,0.9671361069277818,ExcitatoryL5
820,cell_264,spot_85,0.9671361069277818,Olig
821,cell_765,spot_85,0.9671361069277818,Olig
822,cell_1059,spot_85,0.9671361069277818,Endo
823,cell_376,spot_85,0.9671361069277818,ExcitatoryL4
824,cell_1393,spot_85,0.9671361069277818,ExcitatoryL4
825,cell_691,spot_85,0.9671361069277818,ExcitatoryL6
826,cell_1061,spot_85,0.9671361069277818,ExcitatoryL6
827,cell_349,spot_85,0.9671361069277818,ExcitatoryL6
828,cell_93,spot_85,0.9671361069277818,ExcitatoryL6
829,cell_268,spot_85,0.9671361069277818,ExcitatoryL6
830,cell_550,spot_86,0.9836596267469232,Astro
831,cell_1222,spot_86,0.9836596267469232,ExcitatoryL5
832,cell_123,spot_86,0.9836596267469232,Sst
833,cell_136,spot_86,0.9836596267469232,Sst
834,cell_1007,spot_86,0.9836596267469232,Olig
835,cell_338,spot_86,0.9836596267469232,Endo
836,cell_905,spot_86,0.9836596267469232,ExcitatoryL4
837,cell_771,spot_86,0.9836596267469232,ExcitatoryL4
838,cell_1460,spot_86,0.9836596267469232,ExcitatoryL4
839,cell_544,spot_86,0.9836596267469232,ExcitatoryL4
840,cell_721,spot_86,0.9836596267469232,ExcitatoryL4
841,cell_1335,spot_86,0.9836596267469232,ExcitatoryL4
842,cell_705,spot_87,0.9782556872960567,Astro
843,cell_219,spot_87,0.9782556872960567,ExcitatoryL4
844,cell_892,spot_87,0.9782556872960567,ExcitatoryL4
845,cell_914,spot_87,0.9782556872960567,ExcitatoryL4
846,cell_940,spot_87,0.9782556872960567,ExcitatoryL4
847,cell_813,spot_87,0.9782556872960567,ExcitatoryL4
848,cell_665,spot_87,0.9782556872960567,ExcitatoryL4
849,cell_339,spot_87,0.9782556872960567,ExcitatoryL4
850,cell_700,spot_87,0.9782556872960567,ExcitatoryL4
851,cell_1160,spot_87,0.9782556872960567,ExcitatoryL4
852,cell_1302,spot_87,0.9782556872960567,ExcitatoryL4
853,cell_58,spot_88,0.9690338839327778,Endo
854,cell_514,spot_88,0.9690338839327778,Endo
855,cell_573,spot_88,0.9690338839327778,ExcitatoryL4
856,cell_483,spot_88,0.9690338839327778,ExcitatoryL4
857,cell_99,spot_88,0.9690338839327778,ExcitatoryL4
858,cell_1291,spot_88,0.9690338839327778,ExcitatoryL4
859,cell_877,spot_88,0.9690338839327778,ExcitatoryL4
860,cell_1262,spot_88,0.9690338839327778,ExcitatoryL4
861,cell_1116,spot_88,0.9690338839327778,ExcitatoryL4
862,cell_369,spot_88,0.9690338839327778,Pvalb
863,cell_976,spot_88,0.9690338839327778,Pvalb
864,cell_1122,spot_89,0.9764360994086302,ExcitatoryL2and3
865,cell_527,spot_89,0.9764360994086302,ExcitatoryL2and3
866,cell_1168,spot_89,0.9764360994086302,ExcitatoryL2and3
867,cell_1470,spot_89,0.9764360994086302,ExcitatoryL2and3
868,cell_667,spot_89,0.9764360994086302,Olig
869,cell_390,spot_89,0.9764360994086302,Olig
870,cell_1300,spot_89,0.9764360994086302,Olig
871,cell_1513,spot_89,0.9764360994086302,Olig
872,cell_901,spot_89,0.9764360994086302,Endo
873,cell_384,spot_89,0.9764360994086302,Endo
874,cell_1143,spot_89,0.9764360994086302,ExcitatoryL4
875,cell_1026,spot_90,0.9748653764168211,ExcitatoryL2and3
876,cell_148,spot_90,0.9748653764168211,ExcitatoryL2and3
877,cell_719,spot_90,0.9748653764168211,ExcitatoryL2and3
878,cell_32,spot_90,0.9748653764168211,ExcitatoryL2and3
879,cell_1005,spot_90,0.9748653764168211,ExcitatoryL2and3
880,cell_201,spot_90,0.9748653764168211,ExcitatoryL2and3
881,cell_1480,spot_90,0.9748653764168211,ExcitatoryL2and3
882,cell_1387,spot_90,0.9748653764168211,ExcitatoryL2and3
883,cell_988,spot_90,0.9748653764168211,Other
884,cell_222,spot_90,0.9748653764168211,Endo
885,cell_1189,spot_90,0.9748653764168211,Endo
886,cell_711,spot_91,0.8915390200102308,ExcitatoryL2and3
887,cell_12,spot_91,0.8915390200102308,ExcitatoryL2and3
888,cell_1066,spot_91,0.8915390200102308,ExcitatoryL2and3
889,cell_20,spot_91,0.8915390200102308,ExcitatoryL2and3
890,cell_539,spot_91,0.8915390200102308,Other
891,cell_802,spot_91,0.8915390200102308,Other
892,cell_230,spot_92,0.970540248941805,Astro
893,cell_987,spot_92,0.970540248941805,ExcitatoryL2and3
894,cell_1155,spot_92,0.970540248941805,ExcitatoryL2and3
895,cell_1152,spot_92,0.970540248941805,ExcitatoryL2and3
896,cell_246,spot_92,0.970540248941805,ExcitatoryL2and3
897,cell_389,spot_92,0.970540248941805,ExcitatoryL2and3
898,cell_1014,spot_92,0.970540248941805,ExcitatoryL2and3
899,cell_347,spot_92,0.970540248941805,ExcitatoryL2and3
900,cell_1490,spot_92,0.970540248941805,ExcitatoryL2and3
901,cell_1243,spot_92,0.970540248941805,ExcitatoryL2and3
902,cell_626,spot_92,0.970540248941805,ExcitatoryL2and3
903,cell_1156,spot_93,0.9253634552207688,Astro
904,cell_764,spot_93,0.9253634552207688,Astro
905,cell_722,spot_93,0.9253634552207688,Other
906,cell_170,spot_93,0.9253634552207688,Other
907,cell_587,spot_93,0.9253634552207688,Other
908,cell_324,spot_94,0.8902136508199007,Astro
909,cell_1182,spot_94,0.8902136508199007,Olig
910,cell_1494,spot_95,0.9761913543424747,ExcitatoryL5
911,cell_775,spot_95,0.9761913543424747,Olig
912,cell_158,spot_95,0.9761913543424747,Endo
913,cell_1509,spot_95,0.9761913543424747,Endo
914,cell_681,spot_95,0.9761913543424747,Micro
915,cell_215,spot_95,0.9761913543424747,ExcitatoryL6
916,cell_491,spot_95,0.9761913543424747,ExcitatoryL6
917,cell_401,spot_95,0.9761913543424747,HPC
918,cell_869,spot_95,0.9761913543424747,HPC
919,cell_470,spot_95,0.9761913543424747,HPC
920,cell_531,spot_95,0.9761913543424747,HPC
921,cell_1120,spot_96,0.9240714672910133,Astro
922,cell_1341,spot_96,0.9240714672910133,Astro
923,cell_783,spot_96,0.9240714672910133,Astro
924,cell_1403,spot_96,0.9240714672910133,Olig
925,cell_322,spot_96,0.9240714672910133,Olig
926,cell_1206,spot_96,0.9240714672910133,Olig
927,cell_1148,spot_96,0.9240714672910133,Olig
928,cell_686,spot_96,0.9240714672910133,ExcitatoryL6
929,cell_855,spot_97,0.9410605409536986,Astro
930,cell_912,spot_97,0.9410605409536986,Astro
931,cell_324,spot_97,0.9410605409536986,Astro
932,cell_1369,spot_97,0.9410605409536986,Olig
933,cell_1217,spot_97,0.9410605409536986,Olig
934,cell_449,spot_97,0.9410605409536986,Olig
935,cell_353,spot_98,0.9458877509531198,Olig
936,cell_285,spot_98,0.9458877509531198,Olig
937,cell_921,spot_98,0.9458877509531198,Olig
938,cell_1453,spot_98,0.9458877509531198,Olig
939,cell_574,spot_98,0.9458877509531198,Micro
940,cell_416,spot_98,0.9458877509531198,ExcitatoryL6
941,cell_1352,spot_98,0.9458877509531198,ExcitatoryL6
942,cell_1061,spot_98,0.9458877509531198,ExcitatoryL6
943,cell_675,spot_99,0.9740798660579684,Sst
944,cell_1068,spot_99,0.9740798660579684,Olig
945,cell_1433,spot_99,0.9740798660579684,Olig
946,cell_1175,spot_99,0.9740798660579684,ExcitatoryL6
947,cell_1365,spot_99,0.9740798660579684,ExcitatoryL6
948,cell_391,spot_99,0.9740798660579684,ExcitatoryL6
949,cell_1058,spot_99,0.9740798660579684,ExcitatoryL6
950,cell_1370,spot_99,0.9740798660579684,ExcitatoryL6
951,cell_1219,spot_99,0.9740798660579684,ExcitatoryL6
952,cell_553,spot_99,0.9740798660579684,ExcitatoryL6
953,cell_1405,spot_100,0.9804279912092602,Astro
954,cell_1392,spot_100,0.9804279912092602,Astro
955,cell_765,spot_100,0.9804279912092602,Olig
956,cell_1444,spot_100,0.9804279912092602,Pvalb
957,cell_674,spot_100,0.9804279912092602,Pvalb
958,cell_1290,spot_100,0.9804279912092602,ExcitatoryL6
959,cell_1075,spot_100,0.9804279912092602,ExcitatoryL6
960,cell_1496,spot_100,0.9804279912092602,ExcitatoryL6
961,cell_1126,spot_100,0.9804279912092602,ExcitatoryL6
962,cell_1221,spot_100,0.9804279912092602,ExcitatoryL6
963,cell_1287,spot_100,0.9804279912092602,ExcitatoryL6
964,cell_1237,spot_100,0.9804279912092602,ExcitatoryL6
965,cell_1358,spot_100,0.9804279912092602,ExcitatoryL6
966,cell_924,spot_101,0.9819564653905029,ExcitatoryL2and3
967,cell_1442,spot_101,0.9819564653905029,ExcitatoryL2and3
968,cell_1421,spot_101,0.9819564653905029,Olig
969,cell_662,spot_101,0.9819564653905029,ExcitatoryL4
970,cell_833,spot_101,0.9819564653905029,Pvalb
971,cell_406,spot_101,0.9819564653905029,Pvalb
972,cell_701,spot_101,0.9819564653905029,ExcitatoryL6
973,cell_1131,spot_101,0.9819564653905029,ExcitatoryL6
974,cell_407,spot_101,0.9819564653905029,ExcitatoryL6
975,cell_160,spot_101,0.9819564653905029,ExcitatoryL6
976,cell_307,spot_102,0.9618433870545482,Astro
977,cell_1432,spot_102,0.9618433870545482,Astro
978,cell_68,spot_102,0.9618433870545482,ExcitatoryL5
979,cell_1336,spot_102,0.9618433870545482,Sst
980,cell_685,spot_102,0.9618433870545482,Sst
981,cell_333,spot_102,0.9618433870545482,Sst
982,cell_1113,spot_102,0.9618433870545482,ExcitatoryL2and3
983,cell_1360,spot_102,0.9618433870545482,Olig
984,cell_84,spot_102,0.9618433870545482,Olig
985,cell_264,spot_102,0.9618433870545482,Olig
986,cell_999,spot_102,0.9618433870545482,Npy
987,cell_94,spot_102,0.9618433870545482,ExcitatoryL6
988,cell_1209,spot_102,0.9618433870545482,ExcitatoryL6
989,cell_1044,spot_103,0.9786438639527453,Astro
990,cell_217,spot_103,0.9786438639527453,ExcitatoryL5
991,cell_1342,spot_103,0.9786438639527453,ExcitatoryL5
992,cell_862,spot_103,0.9786438639527453,ExcitatoryL5
993,cell_888,spot_103,0.9786438639527453,ExcitatoryL5
994,cell_1445,spot_103,0.9786438639527453,ExcitatoryL5
995,cell_641,spot_103,0.9786438639527453,Other
996,cell_603,spot_103,0.9786438639527453,Other
997,cell_1422,spot_103,0.9786438639527453,Pvalb
998,cell_956,spot_103,0.9786438639527453,Pvalb
999,cell_1461,spot_103,0.9786438639527453,ExcitatoryL6
1000,cell_507,spot_103,0.9786438639527453,ExcitatoryL6
1001,cell_1283,spot_104,0.9844765350284882,ExcitatoryL5
1002,cell_1373,spot_104,0.9844765350284882,ExcitatoryL5
1003,cell_1197,spot_104,0.9844765350284882,Other
1004,cell_1489,spot_104,0.9844765350284882,Olig
1005,cell_871,spot_104,0.9844765350284882,Olig
1006,cell_293,spot_104,0.9844765350284882,Micro
1007,cell_1154,spot_104,0.9844765350284882,Pvalb
1008,cell_1117,spot_104,0.9844765350284882,ExcitatoryL6
1009,cell_647,spot_104,0.9844765350284882,ExcitatoryL6
1010,cell_184,spot_104,0.9844765350284882,ExcitatoryL6
1011,cell_1340,spot_105,0.9833646327661864,Sst
1012,cell_1436,spot_105,0.9833646327661864,Endo
1013,cell_109,spot_105,0.9833646327661864,ExcitatoryL4
1014,cell_379,spot_105,0.9833646327661864,ExcitatoryL4
1015,cell_102,spot_105,0.9833646327661864,ExcitatoryL4
1016,cell_891,spot_105,0.9833646327661864,ExcitatoryL4
1017,cell_543,spot_105,0.9833646327661864,ExcitatoryL4
1018,cell_402,spot_105,0.9833646327661864,ExcitatoryL4
1019,cell_826,spot_105,0.9833646327661864,ExcitatoryL4
1020,cell_348,spot_105,0.9833646327661864,ExcitatoryL4
1021,cell_494,spot_105,0.9833646327661864,ExcitatoryL4
1022,cell_1028,spot_105,0.9833646327661864,ExcitatoryL4
1023,cell_1307,spot_105,0.9833646327661864,Pvalb
1024,cell_397,spot_106,0.9790406452912962,Other
1025,cell_901,spot_106,0.9790406452912962,Endo
1026,cell_1419,spot_106,0.9790406452912962,Endo
1027,cell_940,spot_106,0.9790406452912962,ExcitatoryL4
1028,cell_513,spot_106,0.9790406452912962,ExcitatoryL4
1029,cell_508,spot_106,0.9790406452912962,ExcitatoryL4
1030,cell_1278,spot_106,0.9790406452912962,ExcitatoryL4
1031,cell_477,spot_106,0.9790406452912962,ExcitatoryL4
1032,cell_993,spot_106,0.9790406452912962,ExcitatoryL4
1033,cell_1477,spot_106,0.9790406452912962,ExcitatoryL4
1034,cell_106,spot_106,0.9790406452912962,Pvalb
1035,cell_585,spot_107,0.9705558467320113,ExcitatoryL5
1036,cell_471,spot_107,0.9705558467320113,Sst
1037,cell_146,spot_107,0.9705558467320113,ExcitatoryL2and3
1038,cell_434,spot_107,0.9705558467320113,Endo
1039,cell_1139,spot_107,0.9705558467320113,ExcitatoryL4
1040,cell_1188,spot_107,0.9705558467320113,ExcitatoryL4
1041,cell_1094,spot_107,0.9705558467320113,ExcitatoryL4
1042,cell_842,spot_107,0.9705558467320113,ExcitatoryL4
1043,cell_542,spot_107,0.9705558467320113,ExcitatoryL4
1044,cell_980,spot_107,0.9705558467320113,ExcitatoryL4
1045,cell_1359,spot_107,0.9705558467320113,ExcitatoryL4
1046,cell_999,spot_107,0.9705558467320113,Npy
1047,cell_225,spot_108,0.9826008252461949,Astro
1048,cell_1390,spot_108,0.9826008252461949,Astro
1049,cell_1407,spot_108,0.9826008252461949,ExcitatoryL2and3
1050,cell_372,spot_108,0.9826008252461949,ExcitatoryL2and3
1051,cell_1107,spot_108,0.9826008252461949,ExcitatoryL2and3
1052,cell_1508,spot_108,0.9826008252461949,ExcitatoryL2and3
1053,cell_299,spot_108,0.9826008252461949,ExcitatoryL2and3
1054,cell_385,spot_108,0.9826008252461949,ExcitatoryL2and3
1055,cell_17,spot_108,0.9826008252461949,ExcitatoryL2and3
1056,cell_458,spot_108,0.9826008252461949,ExcitatoryL2and3
1057,cell_977,spot_108,0.9826008252461949,ExcitatoryL2and3
1058,cell_445,spot_108,0.9826008252461949,Vip
1059,cell_1315,spot_109,0.9746379577035142,ExcitatoryL2and3
1060,cell_18,spot_109,0.9746379577035142,ExcitatoryL2and3
1061,cell_1253,spot_109,0.9746379577035142,ExcitatoryL2and3
1062,cell_1293,spot_109,0.9746379577035142,ExcitatoryL2and3
1063,cell_782,spot_109,0.9746379577035142,ExcitatoryL2and3
1064,cell_214,spot_109,0.9746379577035142,ExcitatoryL2and3
1065,cell_1273,spot_109,0.9746379577035142,ExcitatoryL2and3
1066,cell_80,spot_109,0.9746379577035142,ExcitatoryL2and3
1067,cell_419,spot_109,0.9746379577035142,ExcitatoryL2and3
1068,cell_1245,spot_109,0.9746379577035142,ExcitatoryL2and3
1069,cell_5,spot_109,0.9746379577035142,ExcitatoryL2and3
1070,cell_433,spot_109,0.9746379577035142,Vip
1071,cell_267,spot_109,0.9746379577035142,Vip
1072,cell_982,spot_110,0.9640422921442389,ExcitatoryL2and3
1073,cell_1198,spot_110,0.9640422921442389,ExcitatoryL2and3
1074,cell_994,spot_110,0.9640422921442389,ExcitatoryL2and3
1075,cell_780,spot_110,0.9640422921442389,ExcitatoryL2and3
1076,cell_506,spot_110,0.9640422921442389,ExcitatoryL2and3
1077,cell_583,spot_110,0.9640422921442389,ExcitatoryL2and3
1078,cell_1066,spot_110,0.9640422921442389,ExcitatoryL2and3
1079,cell_165,spot_110,0.9640422921442389,ExcitatoryL2and3
1080,cell_377,spot_110,0.9640422921442389,ExcitatoryL2and3
1081,cell_141,spot_110,0.9640422921442389,ExcitatoryL2and3
1082,cell_1510,spot_110,0.9640422921442389,Other
1083,cell_1412,spot_110,0.9640422921442389,Other
1084,cell_82,spot_110,0.9640422921442389,Vip
1085,cell_840,spot_111,0.96677619207706,ExcitatoryL2and3
1086,cell_719,spot_111,0.96677619207706,ExcitatoryL2and3
1087,cell_578,spot_111,0.96677619207706,ExcitatoryL2and3
1088,cell_1122,spot_111,0.96677619207706,ExcitatoryL2and3
1089,cell_711,spot_111,0.96677619207706,ExcitatoryL2and3
1090,cell_340,spot_111,0.96677619207706,ExcitatoryL2and3
1091,cell_689,spot_111,0.96677619207706,ExcitatoryL2and3
1092,cell_590,spot_111,0.96677619207706,ExcitatoryL2and3
1093,cell_245,spot_111,0.96677619207706,ExcitatoryL2and3
1094,cell_170,spot_111,0.96677619207706,Other
1095,cell_409,spot_111,0.96677619207706,Other
1096,cell_430,spot_112,0.9507124309435072,Astro
1097,cell_230,spot_112,0.9507124309435072,Astro
1098,cell_658,spot_112,0.9507124309435072,Astro
1099,cell_1378,spot_112,0.9507124309435072,Endo
1100,cell_265,spot_112,0.9507124309435072,Endo
1101,cell_364,spot_112,0.9507124309435072,Endo
1102,cell_514,spot_112,0.9507124309435072,Endo
1103,cell_199,spot_112,0.9507124309435072,Endo
1104,cell_1423,spot_112,0.9507124309435072,Endo
1105,cell_927,spot_112,0.9507124309435072,Npy
1106,cell_1037,spot_114,0.9682784422298267,Astro
1107,cell_751,spot_114,0.9682784422298267,Astro
1108,cell_988,spot_114,0.9682784422298267,Other
1109,cell_802,spot_114,0.9682784422298267,Other
1110,cell_1218,spot_114,0.9682784422298267,Pvalb
1111,cell_327,spot_114,0.9682784422298267,ExcitatoryL6
1112,cell_824,spot_114,0.9682784422298267,ExcitatoryL6
1113,cell_360,spot_115,0.9243965192896539,Astro
1114,cell_966,spot_115,0.9243965192896539,Astro
1115,cell_505,spot_115,0.9243965192896539,Astro
1116,cell_522,spot_115,0.9243965192896539,Astro
1117,cell_1025,spot_115,0.9243965192896539,Sst
1118,cell_326,spot_115,0.9243965192896539,Olig
1119,cell_353,spot_115,0.9243965192896539,Olig
1120,cell_135,spot_115,0.9243965192896539,ExcitatoryL6
1121,cell_324,spot_116,0.9403229727971247,Astro
1122,cell_81,spot_116,0.9403229727971247,Olig
1123,cell_454,spot_116,0.9403229727971247,Olig
1124,cell_588,spot_116,0.9403229727971247,Olig
1125,cell_663,spot_116,0.9403229727971247,Olig
1126,cell_1381,spot_116,0.9403229727971247,Olig
1127,cell_536,spot_117,0.9625739126740982,Olig
1128,cell_1285,spot_117,0.9625739126740982,Olig
1129,cell_1433,spot_117,0.9625739126740982,Olig
1130,cell_1175,spot_117,0.9625739126740982,ExcitatoryL6
1131,cell_1482,spot_117,0.9625739126740982,ExcitatoryL6
1132,cell_1471,spot_117,0.9625739126740982,ExcitatoryL6
1133,cell_1083,spot_117,0.9625739126740982,ExcitatoryL6
1134,cell_843,spot_117,0.9625739126740982,ExcitatoryL6
1135,cell_1238,spot_117,0.9625739126740982,ExcitatoryL6
1136,cell_252,spot_117,0.9625739126740982,ExcitatoryL6
1137,cell_1098,spot_117,0.9625739126740982,ExcitatoryL6
1138,cell_1114,spot_118,0.9703344797223461,ExcitatoryL5
1139,cell_1007,spot_118,0.9703344797223461,Olig
1140,cell_224,spot_118,0.9703344797223461,ExcitatoryL6
1141,cell_1130,spot_118,0.9703344797223461,ExcitatoryL6
1142,cell_209,spot_118,0.9703344797223461,ExcitatoryL6
1143,cell_1101,spot_118,0.9703344797223461,ExcitatoryL6
1144,cell_1348,spot_118,0.9703344797223461,ExcitatoryL6
1145,cell_1295,spot_118,0.9703344797223461,ExcitatoryL6
1146,cell_1520,spot_118,0.9703344797223461,ExcitatoryL6
1147,cell_810,spot_118,0.9703344797223461,ExcitatoryL6
1148,cell_191,spot_118,0.9703344797223461,ExcitatoryL6
1149,cell_1503,spot_119,0.9783317691658548,Astro
1150,cell_577,spot_119,0.9783317691658548,Astro
1151,cell_332,spot_119,0.9783317691658548,ExcitatoryL6
1152,cell_1215,spot_119,0.9783317691658548,ExcitatoryL6
1153,cell_598,spot_119,0.9783317691658548,ExcitatoryL6
1154,cell_1443,spot_119,0.9783317691658548,ExcitatoryL6
1155,cell_922,spot_119,0.9783317691658548,ExcitatoryL6
1156,cell_1257,spot_119,0.9783317691658548,ExcitatoryL6
1157,cell_1016,spot_119,0.9783317691658548,ExcitatoryL6
1158,cell_83,spot_119,0.9783317691658548,ExcitatoryL6
1159,cell_747,spot_119,0.9783317691658548,ExcitatoryL6
1160,cell_568,spot_120,0.9855144080235586,ExcitatoryL2and3
1161,cell_206,spot_120,0.9855144080235586,ExcitatoryL2and3
1162,cell_38,spot_120,0.9855144080235586,Endo
1163,cell_980,spot_120,0.9855144080235586,ExcitatoryL4
1164,cell_1027,spot_120,0.9855144080235586,ExcitatoryL6
1165,cell_1514,spot_120,0.9855144080235586,ExcitatoryL6
1166,cell_848,spot_120,0.9855144080235586,ExcitatoryL6
1167,cell_1497,spot_120,0.9855144080235586,ExcitatoryL6
1168,cell_336,spot_120,0.9855144080235586,ExcitatoryL6
1169,cell_1159,spot_120,0.9855144080235586,ExcitatoryL6
1170,cell_1500,spot_120,0.9855144080235586,ExcitatoryL6
1171,cell_521,spot_120,0.9855144080235586,ExcitatoryL6
1172,cell_774,spot_121,0.9817076652733714,ExcitatoryL5
1173,cell_778,spot_121,0.9817076652733714,ExcitatoryL5
1174,cell_1324,spot_121,0.9817076652733714,Sst
1175,cell_1074,spot_121,0.9817076652733714,Olig
1176,cell_559,spot_121,0.9817076652733714,Olig
1177,cell_1428,spot_121,0.9817076652733714,Endo
1178,cell_1040,spot_121,0.9817076652733714,Endo
1179,cell_74,spot_121,0.9817076652733714,Micro
1180,cell_1367,spot_121,0.9817076652733714,ExcitatoryL6
1181,cell_1000,spot_122,0.9826706521994338,Other
1182,cell_645,spot_122,0.9826706521994338,Other
1183,cell_976,spot_122,0.9826706521994338,Pvalb
1184,cell_369,spot_122,0.9826706521994338,Pvalb
1185,cell_1296,spot_122,0.9826706521994338,Pvalb
1186,cell_1444,spot_122,0.9826706521994338,Pvalb
1187,cell_654,spot_122,0.9826706521994338,Pvalb
1188,cell_1462,spot_122,0.9826706521994338,ExcitatoryL6
1189,cell_1454,spot_122,0.9826706521994338,ExcitatoryL6
1190,cell_412,spot_122,0.9826706521994338,ExcitatoryL6
1191,cell_501,spot_122,0.9826706521994338,ExcitatoryL6
1192,cell_473,spot_122,0.9826706521994338,ExcitatoryL6
1193,cell_204,spot_123,0.9827841635187876,Astro
1194,cell_619,spot_123,0.9827841635187876,Astro
1195,cell_580,spot_123,0.9827841635187876,ExcitatoryL5
1196,cell_606,spot_123,0.9827841635187876,ExcitatoryL5
1197,cell_611,spot_123,0.9827841635187876,ExcitatoryL4
1198,cell_905,spot_123,0.9827841635187876,ExcitatoryL4
1199,cell_677,spot_123,0.9827841635187876,ExcitatoryL4
1200,cell_949,spot_123,0.9827841635187876,Micro
1201,cell_388,spot_123,0.9827841635187876,Micro
1202,cell_14,spot_123,0.9827841635187876,ExcitatoryL6
1203,cell_1426,spot_123,0.9827841635187876,ExcitatoryL6
1204,cell_349,spot_123,0.9827841635187876,ExcitatoryL6
1205,cell_1420,spot_124,0.9810301774257204,ExcitatoryL5
1206,cell_1231,spot_124,0.9810301774257204,Endo
1207,cell_965,spot_124,0.9810301774257204,ExcitatoryL4
1208,cell_1056,spot_124,0.9810301774257204,ExcitatoryL4
1209,cell_914,spot_124,0.9810301774257204,ExcitatoryL4
1210,cell_219,spot_124,0.9810301774257204,ExcitatoryL4
1211,cell_366,spot_124,0.9810301774257204,ExcitatoryL4
1212,cell_892,spot_124,0.9810301774257204,ExcitatoryL4
1213,cell_579,spot_124,0.9810301774257204,ExcitatoryL6
1214,cell_131,spot_124,0.9810301774257204,ExcitatoryL6
1215,cell_550,spot_125,0.9716401048882144,Astro
1216,cell_1409,spot_125,0.9716401048882144,Sst
1217,cell_690,spot_125,0.9716401048882144,ExcitatoryL2and3
1218,cell_1300,spot_125,0.9716401048882144,Olig
1219,cell_775,spot_125,0.9716401048882144,Olig
1220,cell_790,spot_125,0.9716401048882144,ExcitatoryL4
1221,cell_1013,spot_125,0.9716401048882144,ExcitatoryL4
1222,cell_1393,spot_125,0.9716401048882144,ExcitatoryL4
1223,cell_691,spot_125,0.9716401048882144,ExcitatoryL6
1224,cell_1026,spot_126,0.9816777720241767,ExcitatoryL2and3
1225,cell_1014,spot_126,0.9816777720241767,ExcitatoryL2and3
1226,cell_596,spot_126,0.9816777720241767,ExcitatoryL2and3
1227,cell_1385,spot_126,0.9816777720241767,ExcitatoryL2and3
1228,cell_527,spot_126,0.9816777720241767,ExcitatoryL2and3
1229,cell_1389,spot_126,0.9816777720241767,ExcitatoryL2and3
1230,cell_1152,spot_126,0.9816777720241767,ExcitatoryL2and3
1231,cell_32,spot_126,0.9816777720241767,ExcitatoryL2and3
1232,cell_1005,spot_126,0.9816777720241767,ExcitatoryL2and3
1233,cell_533,spot_126,0.9816777720241767,ExcitatoryL2and3
1234,cell_178,spot_126,0.9816777720241767,Other
1235,cell_118,spot_126,0.9816777720241767,ExcitatoryL4
1236,cell_148,spot_127,0.9743669976049054,ExcitatoryL2and3
1237,cell_1168,spot_127,0.9743669976049054,ExcitatoryL2and3
1238,cell_20,spot_127,0.9743669976049054,ExcitatoryL2and3
1239,cell_1470,spot_127,0.9743669976049054,ExcitatoryL2and3
1240,cell_1387,spot_127,0.9743669976049054,ExcitatoryL2and3
1241,cell_201,spot_127,0.9743669976049054,ExcitatoryL2and3
1242,cell_630,spot_127,0.9743669976049054,Olig
1243,cell_667,spot_127,0.9743669976049054,Olig
1244,cell_342,spot_127,0.9743669976049054,Endo
1245,cell_1521,spot_128,0.9819454497977984,ExcitatoryL2and3
1246,cell_246,spot_128,0.9819454497977984,ExcitatoryL2and3
1247,cell_1046,spot_128,0.9819454497977984,ExcitatoryL2and3
1248,cell_1480,spot_128,0.9819454497977984,ExcitatoryL2and3
1249,cell_987,spot_128,0.9819454497977984,ExcitatoryL2and3
1250,cell_1490,spot_128,0.9819454497977984,ExcitatoryL2and3
1251,cell_1155,spot_128,0.9819454497977984,ExcitatoryL2and3
1252,cell_1442,spot_128,0.9819454497977984,ExcitatoryL2and3
1253,cell_1481,spot_128,0.9819454497977984,Endo
1254,cell_197,spot_128,0.9819454497977984,Pvalb
1255,cell_406,spot_128,0.9819454497977984,Pvalb
1256,cell_674,spot_128,0.9819454497977984,Pvalb
1257,cell_996,spot_129,0.9775181892074518,Astro
1258,cell_1405,spot_129,0.9775181892074518,Astro
1259,cell_123,spot_129,0.9775181892074518,Sst
1260,cell_389,spot_129,0.9775181892074518,ExcitatoryL2and3
1261,cell_347,spot_129,0.9775181892074518,ExcitatoryL2and3
1262,cell_484,spot_129,0.9775181892074518,ExcitatoryL2and3
1263,cell_1243,spot_129,0.9775181892074518,ExcitatoryL2and3
1264,cell_107,spot_129,0.9775181892074518,ExcitatoryL2and3
1265,cell_519,spot_129,0.9775181892074518,ExcitatoryL2and3
1266,cell_626,spot_129,0.9775181892074518,ExcitatoryL2and3
1267,cell_12,spot_129,0.9775181892074518,ExcitatoryL2and3
1268,cell_441,spot_129,0.9775181892074518,Endo
1269,cell_1128,spot_130,0.965136531692352,Astro
1270,cell_1044,spot_130,0.965136531692352,Astro
1271,cell_146,spot_130,0.965136531692352,ExcitatoryL2and3
1272,cell_248,spot_130,0.965136531692352,ExcitatoryL2and3
1273,cell_1097,spot_130,0.965136531692352,ExcitatoryL2and3
1274,cell_1407,spot_130,0.965136531692352,ExcitatoryL2and3
1275,cell_418,spot_130,0.965136531692352,ExcitatoryL2and3
1276,cell_306,spot_130,0.965136531692352,Other
1277,cell_1391,spot_130,0.965136531692352,Endo
1278,cell_755,spot_130,0.965136531692352,Endo
1279,cell_999,spot_130,0.965136531692352,Npy
1280,cell_1035,spot_131,1.0,ExcitatoryL2and3
1281,cell_644,spot_132,0.7753447384974287,Npy
1282,cell_411,spot_132,0.7753447384974287,Npy
1283,cell_657,spot_133,0.9735151573914476,Astro
1284,cell_46,spot_133,0.9735151573914476,ExcitatoryL5
1285,cell_1111,spot_133,0.9735151573914476,ExcitatoryL5
1286,cell_685,spot_133,0.9735151573914476,Sst
1287,cell_1336,spot_133,0.9735151573914476,Sst
1288,cell_136,spot_133,0.9735151573914476,Sst
1289,cell_390,spot_133,0.9735151573914476,Olig
1290,cell_1513,spot_133,0.9735151573914476,Olig
1291,cell_74,spot_133,0.9735151573914476,Micro
1292,cell_424,spot_133,0.9735151573914476,Micro
1293,cell_1341,spot_134,0.9765936369265206,Astro
1294,cell_505,spot_134,0.9765936369265206,Astro
1295,cell_556,spot_134,0.9765936369265206,Sst
1296,cell_1197,spot_134,0.9765936369265206,Other
1297,cell_648,spot_134,0.9765936369265206,Other
1298,cell_326,spot_134,0.9765936369265206,Olig
1299,cell_486,spot_134,0.9765936369265206,Olig
1300,cell_1196,spot_134,0.9765936369265206,Micro
1301,cell_1103,spot_134,0.9765936369265206,Npy
1302,cell_416,spot_134,0.9765936369265206,ExcitatoryL6
1303,cell_1182,spot_135,0.9787305859706933,Olig
1304,cell_643,spot_135,0.9787305859706933,Olig
1305,cell_636,spot_135,0.9787305859706933,Olig
1306,cell_61,spot_135,0.9787305859706933,Olig
1307,cell_449,spot_135,0.9787305859706933,Olig
1308,cell_459,spot_135,0.9787305859706933,Olig
1309,cell_618,spot_135,0.9787305859706933,Olig
1310,cell_153,spot_135,0.9787305859706933,Olig
1311,cell_629,spot_136,0.970163767597061,Astro
1312,cell_313,spot_136,0.970163767597061,Astro
1313,cell_1068,spot_136,0.970163767597061,Olig
1314,cell_1408,spot_136,0.970163767597061,Endo
1315,cell_425,spot_136,0.970163767597061,Endo
1316,cell_11,spot_136,0.970163767597061,Endo
1317,cell_1401,spot_136,0.970163767597061,ExcitatoryL6
1318,cell_391,spot_136,0.970163767597061,ExcitatoryL6
1319,cell_1365,spot_136,0.970163767597061,ExcitatoryL6
1320,cell_713,spot_136,0.970163767597061,ExcitatoryL6
1321,cell_195,spot_136,0.970163767597061,ExcitatoryL6
1322,cell_1422,spot_137,0.9925748670163971,Pvalb
1323,cell_664,spot_137,0.9925748670163971,ExcitatoryL6
1324,cell_93,spot_137,0.9925748670163971,ExcitatoryL6
1325,cell_1499,spot_137,0.9925748670163971,ExcitatoryL6
1326,cell_1272,spot_137,0.9925748670163971,ExcitatoryL6
1327,cell_1290,spot_137,0.9925748670163971,ExcitatoryL6
1328,cell_564,spot_137,0.9925748670163971,ExcitatoryL6
1329,cell_979,spot_137,0.9925748670163971,ExcitatoryL6
1330,cell_1126,spot_137,0.9925748670163971,ExcitatoryL6
1331,cell_1170,spot_137,0.9925748670163971,ExcitatoryL6
1332,cell_929,spot_137,0.9925748670163971,ExcitatoryL6
1333,cell_29,spot_137,0.9925748670163971,ExcitatoryL6
1334,cell_1449,spot_138,0.9917551643388929,ExcitatoryL5
1335,cell_1226,spot_138,0.9917551643388929,ExcitatoryL5
1336,cell_1261,spot_138,0.9917551643388929,ExcitatoryL6
1337,cell_1237,spot_138,0.9917551643388929,ExcitatoryL6
1338,cell_1219,spot_138,0.9917551643388929,ExcitatoryL6
1339,cell_491,spot_138,0.9917551643388929,ExcitatoryL6
1340,cell_1075,spot_138,0.9917551643388929,ExcitatoryL6
1341,cell_1397,spot_138,0.9917551643388929,ExcitatoryL6
1342,cell_1496,spot_138,0.9917551643388929,ExcitatoryL6
1343,cell_180,spot_138,0.9917551643388929,ExcitatoryL6
1344,cell_1144,spot_139,0.9845340060233452,ExcitatoryL5
1345,cell_251,spot_139,0.9845340060233452,ExcitatoryL5
1346,cell_1207,spot_139,0.9845340060233452,ExcitatoryL5
1347,cell_1113,spot_139,0.9845340060233452,ExcitatoryL2and3
1348,cell_1266,spot_139,0.9845340060233452,ExcitatoryL2and3
1349,cell_1073,spot_139,0.9845340060233452,ExcitatoryL6
1350,cell_1399,spot_139,0.9845340060233452,ExcitatoryL6
1351,cell_407,spot_139,0.9845340060233452,ExcitatoryL6
1352,cell_1221,spot_139,0.9845340060233452,ExcitatoryL6
1353,cell_647,spot_139,0.9845340060233452,ExcitatoryL6
1354,cell_160,spot_139,0.9845340060233452,ExcitatoryL6
1355,cell_1286,spot_140,0.985996999609722,ExcitatoryL5
1356,cell_956,spot_140,0.985996999609722,Pvalb
1357,cell_1307,spot_140,0.985996999609722,Pvalb
1358,cell_1358,spot_140,0.985996999609722,ExcitatoryL6
1359,cell_1117,spot_140,0.985996999609722,ExcitatoryL6
1360,cell_507,spot_140,0.985996999609722,ExcitatoryL6
1361,cell_1461,spot_140,0.985996999609722,ExcitatoryL6
1362,cell_393,spot_140,0.985996999609722,ExcitatoryL6
1363,cell_268,spot_140,0.985996999609722,ExcitatoryL6
1364,cell_1164,spot_141,0.9822339132092578,ExcitatoryL5
1365,cell_1140,spot_141,0.9822339132092578,ExcitatoryL5
1366,cell_1424,spot_141,0.9822339132092578,ExcitatoryL5
1367,cell_41,spot_141,0.9822339132092578,ExcitatoryL5
1368,cell_1222,spot_141,0.9822339132092578,ExcitatoryL5
1369,cell_1088,spot_141,0.9822339132092578,ExcitatoryL5
1370,cell_833,spot_141,0.9822339132092578,Pvalb
1371,cell_1515,spot_141,0.9822339132092578,Pvalb
1372,cell_1154,spot_141,0.9822339132092578,Pvalb
1373,cell_1260,spot_142,0.9804281418671001,Astro
1374,cell_936,spot_142,0.9804281418671001,Astro
1375,cell_68,spot_142,0.9804281418671001,ExcitatoryL5
1376,cell_1460,spot_142,0.9804281418671001,ExcitatoryL4
1377,cell_756,spot_142,0.9804281418671001,ExcitatoryL4
1378,cell_175,spot_142,0.9804281418671001,ExcitatoryL4
1379,cell_1439,spot_142,0.9804281418671001,ExcitatoryL4
1380,cell_369,spot_142,0.9804281418671001,Pvalb
1381,cell_444,spot_143,0.976304033248452,Astro
1382,cell_705,spot_143,0.976304033248452,Astro
1383,cell_368,spot_143,0.976304033248452,Olig
1384,cell_72,spot_143,0.976304033248452,Endo
1385,cell_544,spot_143,0.976304033248452,ExcitatoryL4
1386,cell_721,spot_143,0.976304033248452,ExcitatoryL4
1387,cell_1335,spot_143,0.976304033248452,ExcitatoryL4
1388,cell_503,spot_143,0.976304033248452,ExcitatoryL4
1389,cell_1242,spot_143,0.976304033248452,ExcitatoryL4
1390,cell_4,spot_143,0.976304033248452,ExcitatoryL4
1391,cell_1107,spot_144,0.9871725115921004,ExcitatoryL2and3
1392,cell_1508,spot_144,0.9871725115921004,ExcitatoryL2and3
1393,cell_1380,spot_144,0.9871725115921004,Endo
1394,cell_1059,spot_144,0.9871725115921004,Endo
1395,cell_1149,spot_144,0.9871725115921004,ExcitatoryL4
1396,cell_339,spot_144,0.9871725115921004,ExcitatoryL4
1397,cell_665,spot_144,0.9871725115921004,ExcitatoryL4
1398,cell_438,spot_144,0.9871725115921004,ExcitatoryL4
1399,cell_1160,spot_144,0.9871725115921004,ExcitatoryL4
1400,cell_700,spot_144,0.9871725115921004,ExcitatoryL4
1401,cell_1192,spot_144,0.9871725115921004,ExcitatoryL4
1402,cell_183,spot_144,0.9871725115921004,ExcitatoryL4
1403,cell_1156,spot_145,0.984797012339067,Astro
1404,cell_1350,spot_145,0.984797012339067,Astro
1405,cell_225,spot_145,0.984797012339067,Astro
1406,cell_1390,spot_145,0.984797012339067,Astro
1407,cell_372,spot_145,0.984797012339067,ExcitatoryL2and3
1408,cell_1198,spot_145,0.984797012339067,ExcitatoryL2and3
1409,cell_385,spot_145,0.984797012339067,ExcitatoryL2and3
1410,cell_299,spot_145,0.984797012339067,ExcitatoryL2and3
1411,cell_977,spot_145,0.984797012339067,ExcitatoryL2and3
1412,cell_850,spot_145,0.984797012339067,ExcitatoryL2and3
1413,cell_1125,spot_145,0.984797012339067,ExcitatoryL4
1414,cell_1332,spot_145,0.984797012339067,ExcitatoryL4
1415,cell_1165,spot_145,0.984797012339067,Pvalb
1416,cell_829,spot_146,0.9852110982752136,Astro
1417,cell_1315,spot_146,0.9852110982752136,ExcitatoryL2and3
1418,cell_924,spot_146,0.9852110982752136,ExcitatoryL2and3
1419,cell_17,spot_146,0.9852110982752136,ExcitatoryL2and3
1420,cell_1455,spot_146,0.9852110982752136,ExcitatoryL2and3
1421,cell_1245,spot_146,0.9852110982752136,ExcitatoryL2and3
1422,cell_465,spot_146,0.9852110982752136,ExcitatoryL2and3
1423,cell_165,spot_146,0.9852110982752136,ExcitatoryL2and3
1424,cell_1273,spot_146,0.9852110982752136,ExcitatoryL2and3
1425,cell_1293,spot_146,0.9852110982752136,ExcitatoryL2and3
1426,cell_458,spot_146,0.9852110982752136,ExcitatoryL2and3
1427,cell_67,spot_146,0.9852110982752136,Endo
1428,cell_311,spot_146,0.9852110982752136,Endo
1429,cell_1122,spot_147,0.9796504693610493,ExcitatoryL2and3
1430,cell_690,spot_147,0.9796504693610493,ExcitatoryL2and3
1431,cell_506,spot_147,0.9796504693610493,ExcitatoryL2and3
1432,cell_1253,spot_147,0.9796504693610493,ExcitatoryL2and3
1433,cell_655,spot_147,0.9796504693610493,ExcitatoryL2and3
1434,cell_782,spot_147,0.9796504693610493,ExcitatoryL2and3
1435,cell_527,spot_147,0.9796504693610493,ExcitatoryL2and3
1436,cell_738,spot_147,0.9796504693610493,Endo
1437,cell_157,spot_147,0.9796504693610493,Endo
1438,cell_474,spot_147,0.9796504693610493,Pvalb
1439,cell_934,spot_148,0.9794642412923057,Astro
1440,cell_307,spot_148,0.9794642412923057,Astro
1441,cell_204,spot_148,0.9794642412923057,Astro
1442,cell_18,spot_148,0.9794642412923057,ExcitatoryL2and3
1443,cell_1299,spot_148,0.9794642412923057,ExcitatoryL2and3
1444,cell_163,spot_148,0.9794642412923057,ExcitatoryL2and3
1445,cell_419,spot_148,0.9794642412923057,ExcitatoryL2and3
1446,cell_214,spot_148,0.9794642412923057,ExcitatoryL2and3
1447,cell_523,spot_148,0.9794642412923057,ExcitatoryL2and3
1448,cell_689,spot_148,0.9794642412923057,ExcitatoryL2and3
1449,cell_502,spot_148,0.9794642412923057,ExcitatoryL2and3
1450,cell_422,spot_148,0.9794642412923057,ExcitatoryL2and3
1451,cell_464,spot_148,0.9794642412923057,Micro
1452,cell_413,spot_148,0.9794642412923057,Micro
1453,cell_80,spot_149,0.9630183250177005,ExcitatoryL2and3
1454,cell_994,spot_149,0.9630183250177005,ExcitatoryL2and3
1455,cell_1385,spot_149,0.9630183250177005,ExcitatoryL2and3
1456,cell_590,spot_149,0.9630183250177005,ExcitatoryL2and3
1457,cell_1026,spot_149,0.9630183250177005,ExcitatoryL2and3
1458,cell_245,spot_149,0.9630183250177005,ExcitatoryL2and3
1459,cell_982,spot_149,0.9630183250177005,ExcitatoryL2and3
1460,cell_568,spot_149,0.9630183250177005,ExcitatoryL2and3
1461,cell_1480,spot_149,0.9630183250177005,ExcitatoryL2and3
1462,cell_230,spot_150,0.6215457568489532,Astro
1463,cell_173,spot_151,0.9380747302461122,Astro
1464,cell_1459,spot_151,0.9380747302461122,Astro
1465,cell_1037,spot_151,0.9380747302461122,Astro
1466,cell_1484,spot_151,0.9380747302461122,Smc
1467,cell_1172,spot_151,0.9380747302461122,Smc
1468,cell_1318,spot_151,0.9380747302461122,Smc
1469,cell_1317,spot_151,0.9380747302461122,Smc
1470,cell_1419,spot_151,0.9380747302461122,Endo
1471,cell_1341,spot_152,0.9371445802855016,Astro
1472,cell_1120,spot_152,0.9371445802855016,Astro
1473,cell_1432,spot_152,0.9371445802855016,Astro
1474,cell_1517,spot_152,0.9371445802855016,Olig
1475,cell_1100,spot_152,0.9371445802855016,Olig
1476,cell_714,spot_152,0.9371445802855016,Olig
1477,cell_1321,spot_153,0.9003537972117498,Astro
1478,cell_439,spot_153,0.9003537972117498,Olig
1479,cell_392,spot_153,0.9003537972117498,Olig
1480,cell_1418,spot_153,0.9003537972117498,Olig
1481,cell_1173,spot_153,0.9003537972117498,Olig
1482,cell_351,spot_153,0.9003537972117498,ExcitatoryL6
1483,cell_1049,spot_154,0.9419834329345536,Olig
1484,cell_303,spot_154,0.9419834329345536,Olig
1485,cell_1369,spot_154,0.9419834329345536,Olig
1486,cell_634,spot_154,0.9419834329345536,Olig
1487,cell_81,spot_154,0.9419834329345536,Olig
1488,cell_1381,spot_154,0.9419834329345536,Olig
1489,cell_1206,spot_154,0.9419834329345536,Olig
1490,cell_588,spot_154,0.9419834329345536,Olig
1491,cell_1421,spot_155,0.986396721718452,Olig
1492,cell_723,spot_155,0.986396721718452,Endo
1493,cell_681,spot_155,0.986396721718452,Micro
1494,cell_1370,spot_155,0.986396721718452,ExcitatoryL6
1495,cell_701,spot_155,0.986396721718452,ExcitatoryL6
1496,cell_553,spot_155,0.986396721718452,ExcitatoryL6
1497,cell_190,spot_155,0.986396721718452,ExcitatoryL6
1498,cell_1287,spot_155,0.986396721718452,ExcitatoryL6
1499,cell_1352,spot_155,0.986396721718452,ExcitatoryL6
1500,cell_1131,spot_155,0.986396721718452,ExcitatoryL6
1501,cell_707,spot_155,0.986396721718452,ExcitatoryL6
1502,cell_1485,spot_156,0.9900345987960172,Sst
1503,cell_1296,spot_156,0.9900345987960172,Pvalb
1504,cell_327,spot_156,0.9900345987960172,ExcitatoryL6
1505,cell_215,spot_156,0.9900345987960172,ExcitatoryL6
1506,cell_1348,spot_156,0.9900345987960172,ExcitatoryL6
1507,cell_1482,spot_156,0.9900345987960172,ExcitatoryL6
1508,cell_184,spot_156,0.9900345987960172,ExcitatoryL6
1509,cell_1098,spot_156,0.9900345987960172,ExcitatoryL6
1510,cell_824,spot_156,0.9900345987960172,ExcitatoryL6
1511,cell_1238,spot_156,0.9900345987960172,ExcitatoryL6
1512,cell_224,spot_156,0.9900345987960172,ExcitatoryL6
1513,cell_1342,spot_157,0.9904088481300284,ExcitatoryL5
1514,cell_5,spot_157,0.9904088481300284,ExcitatoryL2and3
1515,cell_1225,spot_157,0.9904088481300284,ExcitatoryL6
1516,cell_1101,spot_157,0.9904088481300284,ExcitatoryL6
1517,cell_209,spot_157,0.9904088481300284,ExcitatoryL6
1518,cell_1083,spot_157,0.9904088481300284,ExcitatoryL6
1519,cell_1053,spot_157,0.9904088481300284,ExcitatoryL6
1520,cell_252,spot_157,0.9904088481300284,ExcitatoryL6
1521,cell_747,spot_157,0.9904088481300284,ExcitatoryL6
1522,cell_1443,spot_157,0.9904088481300284,ExcitatoryL6
1523,cell_45,spot_158,0.9894474620643261,ExcitatoryL5
1524,cell_1309,spot_158,0.9894474620643261,Sst
1525,cell_675,spot_158,0.9894474620643261,Sst
1526,cell_1266,spot_158,0.9894474620643261,ExcitatoryL2and3
1527,cell_1389,spot_158,0.9894474620643261,ExcitatoryL2and3
1528,cell_976,spot_158,0.9894474620643261,Pvalb
1529,cell_106,spot_158,0.9894474620643261,Pvalb
1530,cell_1444,spot_158,0.9894474620643261,Pvalb
1531,cell_332,spot_158,0.9894474620643261,ExcitatoryL6
1532,cell_1392,spot_159,0.9788137212739629,Astro
1533,cell_730,spot_159,0.9788137212739629,Astro
1534,cell_1303,spot_159,0.9788137212739629,Astro
1535,cell_577,spot_159,0.9788137212739629,Astro
1536,cell_601,spot_159,0.9788137212739629,Astro
1537,cell_1494,spot_159,0.9788137212739629,ExcitatoryL5
1538,cell_358,spot_159,0.9788137212739629,ExcitatoryL5
1539,cell_582,spot_159,0.9788137212739629,ExcitatoryL5
1540,cell_158,spot_159,0.9788137212739629,Endo
1541,cell_751,spot_160,0.987895630769863,Astro
1542,cell_1503,spot_160,0.987895630769863,Astro
1543,cell_1445,spot_160,0.987895630769863,ExcitatoryL5
1544,cell_217,spot_160,0.987895630769863,ExcitatoryL5
1545,cell_862,spot_160,0.987895630769863,ExcitatoryL5
1546,cell_1373,spot_160,0.987895630769863,ExcitatoryL5
1547,cell_684,spot_160,0.987895630769863,ExcitatoryL5
1548,cell_1283,spot_160,0.987895630769863,ExcitatoryL5
1549,cell_1324,spot_160,0.987895630769863,Sst
1550,cell_1409,spot_160,0.987895630769863,Sst
1551,cell_436,spot_160,0.987895630769863,Sst
1552,cell_603,spot_160,0.987895630769863,Other
1553,cell_405,spot_160,0.987895630769863,Endo
1554,cell_526,spot_161,0.9869455796263591,ExcitatoryL5
1555,cell_888,spot_161,0.9869455796263591,ExcitatoryL5
1556,cell_471,spot_161,0.9869455796263591,Sst
1557,cell_283,spot_161,0.9869455796263591,Endo
1558,cell_167,spot_161,0.9869455796263591,Endo
1559,cell_1314,spot_161,0.9869455796263591,ExcitatoryL4
1560,cell_376,spot_161,0.9869455796263591,ExcitatoryL4
1561,cell_771,spot_161,0.9869455796263591,ExcitatoryL4
1562,cell_662,spot_161,0.9869455796263591,ExcitatoryL4
1563,cell_293,spot_161,0.9869455796263591,Micro
1564,cell_1215,spot_161,0.9869455796263591,ExcitatoryL6
1565,cell_550,spot_162,0.9817563160075705,Astro
1566,cell_532,spot_162,0.9817563160075705,Endo
1567,cell_1302,spot_162,0.9817563160075705,ExcitatoryL4
1568,cell_1011,spot_162,0.9817563160075705,ExcitatoryL4
1569,cell_1262,spot_162,0.9817563160075705,ExcitatoryL4
1570,cell_483,spot_162,0.9817563160075705,ExcitatoryL4
1571,cell_1291,spot_162,0.9817563160075705,ExcitatoryL4
1572,cell_877,spot_162,0.9817563160075705,ExcitatoryL4
1573,cell_671,spot_162,0.9817563160075705,ExcitatoryL4
1574,cell_109,spot_162,0.9817563160075705,ExcitatoryL4
1575,cell_430,spot_163,0.9745298116990427,Astro
1576,cell_1340,spot_163,0.9745298116990427,Sst
1577,cell_920,spot_163,0.9745298116990427,ExcitatoryL2and3
1578,cell_442,spot_163,0.9745298116990427,ExcitatoryL2and3
1579,cell_559,spot_163,0.9745298116990427,Olig
1580,cell_1360,spot_163,0.9745298116990427,Olig
1581,cell_1410,spot_163,0.9745298116990427,ExcitatoryL4
1582,cell_813,spot_163,0.9745298116990427,ExcitatoryL4
1583,cell_28,spot_163,0.9745298116990427,ExcitatoryL4
1584,cell_942,spot_163,0.9745298116990427,ExcitatoryL4
1585,cell_363,spot_163,0.9745298116990427,ExcitatoryL4
1586,cell_1143,spot_163,0.9745298116990427,ExcitatoryL4
1587,cell_1405,spot_164,0.9871615634354205,Astro
1588,cell_629,spot_164,0.9871615634354205,Astro
1589,cell_1128,spot_164,0.9871615634354205,Astro
1590,cell_1260,spot_164,0.9871615634354205,Astro
1591,cell_123,spot_164,0.9871615634354205,Sst
1592,cell_340,spot_164,0.9871615634354205,ExcitatoryL2and3
1593,cell_780,spot_164,0.9871615634354205,ExcitatoryL2and3
1594,cell_206,spot_164,0.9871615634354205,ExcitatoryL2and3
1595,cell_99,spot_164,0.9871615634354205,ExcitatoryL4
1596,cell_85,spot_164,0.9871615634354205,ExcitatoryL4
1597,cell_597,spot_164,0.9871615634354205,ExcitatoryL4
1598,cell_494,spot_164,0.9871615634354205,ExcitatoryL4
1599,cell_1278,spot_164,0.9871615634354205,ExcitatoryL4
1600,cell_1388,spot_165,0.9787585440798727,Astro
1601,cell_987,spot_165,0.9787585440798727,ExcitatoryL2and3
1602,cell_583,spot_165,0.9787585440798727,ExcitatoryL2and3
1603,cell_347,spot_165,0.9787585440798727,ExcitatoryL2and3
1604,cell_596,spot_165,0.9787585440798727,ExcitatoryL2and3
1605,cell_1470,spot_165,0.9787585440798727,ExcitatoryL2and3
1606,cell_589,spot_165,0.9787585440798727,ExcitatoryL2and3
1607,cell_1511,spot_165,0.9787585440798727,ExcitatoryL2and3
1608,cell_941,spot_165,0.9787585440798727,Endo
1609,cell_90,spot_165,0.9787585440798727,Endo
1610,cell_1428,spot_165,0.9787585440798727,Endo
1611,cell_58,spot_165,0.9787585440798727,Endo
1612,cell_619,spot_166,0.979996050130069,Astro
1613,cell_1485,spot_166,0.979996050130069,Sst
1614,cell_34,spot_166,0.979996050130069,ExcitatoryL2and3
1615,cell_578,spot_166,0.979996050130069,ExcitatoryL2and3
1616,cell_289,spot_166,0.979996050130069,ExcitatoryL2and3
1617,cell_1005,spot_166,0.979996050130069,ExcitatoryL2and3
1618,cell_1113,spot_166,0.979996050130069,ExcitatoryL2and3
1619,cell_849,spot_166,0.979996050130069,ExcitatoryL2and3
1620,cell_1014,spot_166,0.979996050130069,ExcitatoryL2and3
1621,cell_533,spot_166,0.979996050130069,ExcitatoryL2and3
1622,cell_840,spot_166,0.979996050130069,ExcitatoryL2and3
1623,cell_377,spot_166,0.979996050130069,ExcitatoryL2and3
1624,cell_1306,spot_166,0.979996050130069,Vip
1625,cell_1387,spot_167,0.9793913861506979,ExcitatoryL2and3
1626,cell_719,spot_167,0.9793913861506979,ExcitatoryL2and3
1627,cell_453,spot_167,0.9793913861506979,ExcitatoryL2and3
1628,cell_20,spot_167,0.9793913861506979,ExcitatoryL2and3
1629,cell_32,spot_167,0.9793913861506979,ExcitatoryL2and3
1630,cell_1510,spot_167,0.9793913861506979,Other
1631,cell_1391,spot_167,0.9793913861506979,Endo
1632,cell_1402,spot_167,0.9793913861506979,Endo
1633,cell_654,spot_167,0.9793913861506979,Pvalb
1634,cell_996,spot_168,0.9746357131642184,Astro
1635,cell_141,spot_168,0.9746357131642184,ExcitatoryL2and3
1636,cell_1315,spot_168,0.9746357131642184,ExcitatoryL2and3
1637,cell_1521,spot_168,0.9746357131642184,ExcitatoryL2and3
1638,cell_355,spot_168,0.9746357131642184,ExcitatoryL2and3
1639,cell_1119,spot_168,0.9746357131642184,ExcitatoryL2and3
1640,cell_711,spot_168,0.9746357131642184,ExcitatoryL2and3
1641,cell_201,spot_168,0.9746357131642184,ExcitatoryL2and3
1642,cell_148,spot_168,0.9746357131642184,ExcitatoryL2and3
1643,cell_338,spot_168,0.9746357131642184,Endo
1644,cell_515,spot_169,0.9045288889805871,Astro
1645,cell_600,spot_169,0.9045288889805871,Other
1646,cell_274,spot_169,0.9045288889805871,Endo
1647,cell_193,spot_169,0.9045288889805871,Endo
1648,cell_297,spot_169,0.9045288889805871,Endo
1649,cell_1264,spot_170,0.9589881410236439,Astro
1650,cell_1459,spot_170,0.9589881410236439,Astro
1651,cell_1346,spot_170,0.9589881410236439,Other
1652,cell_1484,spot_170,0.9589881410236439,Smc
1653,cell_1318,spot_170,0.9589881410236439,Smc
1654,cell_1374,spot_170,0.9589881410236439,Smc
1655,cell_1447,spot_170,0.9589881410236439,Smc
1656,cell_1172,spot_170,0.9589881410236439,Smc
1657,cell_1361,spot_170,0.9589881410236439,Smc
1658,cell_1294,spot_170,0.9589881410236439,Smc
1659,cell_192,spot_171,0.9099029388543175,Astro
1660,cell_522,spot_171,0.9099029388543175,Astro
1661,cell_322,spot_171,0.9099029388543175,Olig
1662,cell_1115,spot_171,0.9099029388543175,Olig
1663,cell_938,spot_171,0.9099029388543175,Olig
1664,cell_1270,spot_171,0.9099029388543175,Micro
1665,cell_454,spot_172,0.9390518170908451,Olig
1666,cell_1351,spot_172,0.9390518170908451,Olig
1667,cell_636,spot_172,0.9390518170908451,Olig
1668,cell_61,spot_172,0.9390518170908451,Olig
1669,cell_643,spot_172,0.9390518170908451,Olig
1670,cell_663,spot_173,0.9315309346983492,Olig
1671,cell_291,spot_173,0.9315309346983492,Olig
1672,cell_495,spot_173,0.9315309346983492,Olig
1673,cell_1076,spot_173,0.9315309346983492,Olig
1674,cell_1490,spot_174,0.9784708288618168,ExcitatoryL2and3
1675,cell_765,spot_174,0.9784708288618168,Olig
1676,cell_642,spot_174,0.9784708288618168,Olig
1677,cell_1520,spot_174,0.9784708288618168,ExcitatoryL6
1678,cell_400,spot_174,0.9784708288618168,ExcitatoryL6
1679,cell_1471,spot_174,0.9784708288618168,ExcitatoryL6
1680,cell_1058,spot_174,0.9784708288618168,ExcitatoryL6
1681,cell_94,spot_174,0.9784708288618168,ExcitatoryL6
1682,cell_1514,spot_175,0.9851390820733513,ExcitatoryL6
1683,cell_1454,spot_175,0.9851390820733513,ExcitatoryL6
1684,cell_71,spot_175,0.9851390820733513,ExcitatoryL6
1685,cell_1257,spot_175,0.9851390820733513,ExcitatoryL6
1686,cell_598,spot_175,0.9851390820733513,ExcitatoryL6
1687,cell_336,spot_175,0.9851390820733513,ExcitatoryL6
1688,cell_1462,spot_175,0.9851390820733513,ExcitatoryL6
1689,cell_431,spot_175,0.9851390820733513,ExcitatoryL6
1690,cell_810,spot_175,0.9851390820733513,ExcitatoryL6
1691,cell_113,spot_175,0.9851390820733513,ExcitatoryL6
1692,cell_936,spot_176,0.977542180176472,Astro
1693,cell_354,spot_176,0.977542180176472,Astro
1694,cell_829,spot_176,0.977542180176472,Astro
1695,cell_1509,spot_176,0.977542180176472,Endo
1696,cell_1497,spot_176,0.977542180176472,ExcitatoryL6
1697,cell_83,spot_176,0.977542180176472,ExcitatoryL6
1698,cell_922,spot_176,0.977542180176472,ExcitatoryL6
1699,cell_1295,spot_176,0.977542180176472,ExcitatoryL6
1700,cell_735,spot_176,0.977542180176472,ExcitatoryL6
1701,cell_576,spot_177,0.9741794407495026,ExcitatoryL5
1702,cell_120,spot_177,0.9741794407495026,ExcitatoryL5
1703,cell_1218,spot_177,0.9741794407495026,Pvalb
1704,cell_1444,spot_177,0.9741794407495026,Pvalb
1705,cell_1500,spot_177,0.9741794407495026,ExcitatoryL6
1706,cell_1130,spot_177,0.9741794407495026,ExcitatoryL6
1707,cell_1449,spot_178,0.9874021889328025,ExcitatoryL5
1708,cell_728,spot_178,0.9874021889328025,ExcitatoryL5
1709,cell_1461,spot_178,0.9874021889328025,ExcitatoryL6
1710,cell_1159,spot_178,0.9874021889328025,ExcitatoryL6
1711,cell_843,spot_178,0.9874021889328025,ExcitatoryL6
1712,cell_91,spot_178,0.9874021889328025,ExcitatoryL6
1713,cell_117,spot_179,0.989365008597736,ExcitatoryL5
1714,cell_1140,spot_179,0.989365008597736,ExcitatoryL5
1715,cell_136,spot_179,0.989365008597736,Sst
1716,cell_1489,spot_179,0.989365008597736,Olig
1717,cell_871,spot_179,0.989365008597736,Olig
1718,cell_1481,spot_179,0.989365008597736,Endo
1719,cell_891,spot_179,0.989365008597736,ExcitatoryL4
1720,cell_585,spot_180,0.984031127994819,ExcitatoryL5
1721,cell_333,spot_180,0.984031127994819,Sst
1722,cell_383,spot_180,0.984031127994819,Endo
1723,cell_379,spot_180,0.984031127994819,ExcitatoryL4
1724,cell_953,spot_180,0.984031127994819,ExcitatoryL4
1725,cell_573,spot_180,0.984031127994819,ExcitatoryL4
1726,cell_197,spot_180,0.984031127994819,Pvalb
1727,cell_1496,spot_180,0.984031127994819,ExcitatoryL6
1728,cell_473,spot_180,0.984031127994819,ExcitatoryL6
1729,cell_705,spot_181,0.9787267706423544,Astro
1730,cell_1102,spot_181,0.9787267706423544,Astro
1731,cell_196,spot_181,0.9787267706423544,ExcitatoryL5
1732,cell_1477,spot_181,0.9787267706423544,ExcitatoryL4
1733,cell_517,spot_181,0.9787267706423544,ExcitatoryL4
1734,cell_1512,spot_181,0.9787267706423544,ExcitatoryL4
1735,cell_543,spot_181,0.9787267706423544,ExcitatoryL4
1736,cell_1366,spot_181,0.9787267706423544,ExcitatoryL4
1737,cell_1139,spot_181,0.9787267706423544,ExcitatoryL4
1738,cell_1177,spot_182,0.9747203452707022,Astro
1739,cell_444,spot_182,0.9747203452707022,Astro
1740,cell_1066,spot_182,0.9747203452707022,ExcitatoryL2and3
1741,cell_990,spot_182,0.9747203452707022,ExcitatoryL2and3
1742,cell_384,spot_182,0.9747203452707022,Endo
1743,cell_298,spot_182,0.9747203452707022,Endo
1744,cell_706,spot_182,0.9747203452707022,ExcitatoryL4
1745,cell_102,spot_182,0.9747203452707022,ExcitatoryL4
1746,cell_1116,spot_182,0.9747203452707022,ExcitatoryL4
1747,cell_402,spot_182,0.9747203452707022,ExcitatoryL4
1748,cell_1508,spot_183,0.9770467947653885,ExcitatoryL2and3
1749,cell_1152,spot_183,0.9770467947653885,ExcitatoryL2and3
1750,cell_1243,spot_183,0.9770467947653885,ExcitatoryL2and3
1751,cell_519,spot_183,0.9770467947653885,ExcitatoryL2and3
1752,cell_107,spot_183,0.9770467947653885,ExcitatoryL2and3
1753,cell_246,spot_183,0.9770467947653885,ExcitatoryL2and3
1754,cell_626,spot_183,0.9770467947653885,ExcitatoryL2and3
1755,cell_710,spot_183,0.9770467947653885,Endo
1756,cell_708,spot_183,0.9770467947653885,Endo
1757,cell_1442,spot_184,0.979567455460227,ExcitatoryL2and3
1758,cell_1168,spot_184,0.979567455460227,ExcitatoryL2and3
1759,cell_1097,spot_184,0.979567455460227,ExcitatoryL2and3
1760,cell_418,spot_184,0.979567455460227,ExcitatoryL2and3
1761,cell_484,spot_184,0.979567455460227,ExcitatoryL2and3
1762,cell_1407,spot_184,0.979567455460227,ExcitatoryL2and3
1763,cell_1184,spot_184,0.979567455460227,ExcitatoryL2and3
1764,cell_641,spot_184,0.979567455460227,Other
1765,cell_1446,spot_184,0.979567455460227,Vip
1766,cell_445,spot_184,0.979567455460227,Vip
1767,cell_619,spot_185,0.9427536484055621,Astro
1768,cell_934,spot_185,0.9427536484055621,Astro
1769,cell_1086,spot_185,0.9427536484055621,ExcitatoryL2and3
1770,cell_417,spot_185,0.9427536484055621,ExcitatoryL2and3
1771,cell_34,spot_185,0.9427536484055621,ExcitatoryL2and3
1772,cell_476,spot_185,0.9427536484055621,ExcitatoryL2and3
1773,cell_1448,spot_185,0.9427536484055621,Npy
1774,cell_793,spot_185,0.9427536484055621,Npy
1775,cell_835,spot_185,0.9427536484055621,Pvalb
1776,cell_1154,spot_185,0.9427536484055621,Pvalb
1777,cell_1503,spot_186,0.9735204968799502,Astro
1778,cell_1044,spot_186,0.9735204968799502,Astro
1779,cell_1455,spot_186,0.9735204968799502,ExcitatoryL2and3
1780,cell_1107,spot_186,0.9735204968799502,ExcitatoryL2and3
1781,cell_690,spot_186,0.9735204968799502,ExcitatoryL2and3
1782,cell_385,spot_186,0.9735204968799502,ExcitatoryL2and3
1783,cell_146,spot_186,0.9735204968799502,ExcitatoryL2and3
1784,cell_1452,spot_187,0.9999999999999966,Endo
1785,cell_1465,spot_188,0.8961894353008101,Astro
1786,cell_1264,spot_188,0.8961894353008101,Astro
1787,cell_1265,spot_188,0.8961894353008101,Astro
1788,cell_1484,spot_189,0.9873825466866927,Smc
1789,cell_1318,spot_189,0.9873825466866927,Smc
1790,cell_1447,spot_189,0.9873825466866927,Smc
1791,cell_1172,spot_189,0.9873825466866927,Smc
1792,cell_1294,spot_189,0.9873825466866927,Smc
1793,cell_1317,spot_189,0.9873825466866927,Smc
