	adj_spex_UMAP1	adj_spex_UMAP2
0	3362.349403639567	11895.774813950275
1	3177.0758502891995	11520.708960439413
2	3375.0	11625.0
3	3375.0	11625.0
4	3223.6457972867106	11281.901026930967
5	3375.0	11625.0
6	4200.838162250247	12211.972536785252
7	4229.2534056161985	12368.937248377651
8	3908.2298962026607	12680.99954591419
9	4181.97857118245	12155.454138783807
10	4014.9504248098497	12312.14611065796
11	4188.670606626083	12336.526878775421
12	4171.9154367763895	12248.290173188092
13	4060.5844655091014	12480.21505342233
14	4022.266036966127	12492.670968219969
15	4125.0	12375.0
16	4105.284793197153	12307.91804427686
17	6375.0	5625.0
18	6471.558230992442	5354.3781526299645
19	6307.670890265183	5529.880932551566
20	6080.894280073599	5857.651725776048
21	6290.660661503496	5815.970936650994
22	6348.841543609507	5756.045535335477
23	6544.411219531799	5485.502748642841
24	6541.526152845054	5555.068886725062
25	1765.2115308853001	13419.313655512025
26	1733.2828663158496	12869.503558044937
27	1759.4525033360692	13022.791432460846
28	1665.0875582369058	12978.26543783826
29	1656.9691899758734	13252.64284971094
30	1875.0	13125.0
31	1909.6950505814602	13052.104938299046
32	1875.0	13125.0
33	2235.345340250265	13021.191350264438
34	1823.9029301475919	2641.0468477593067
35	1817.4103999603435	2421.3534294960978
36	1875.0	2625.0
37	2185.862301958926	2415.2629521977638
38	1750.5556782862689	2806.304692222077
39	1830.8544842808883	2671.629996391635
40	1819.8758902804886	2635.9910733748193
41	1814.40666879566	2745.068944525868
42	3949.4423137440795	4307.490671901025
43	4125.0	4125.0
44	4226.828296929971	3993.2240292747833
45	4125.0	4125.0
46	4125.0	4125.0
47	4363.217863460533	3970.6174547997903
48	4017.9343566669622	3908.833991214684
49	3827.791609570902	4018.9012375502352
50	4125.0	4125.0
51	4010.3342232124	4057.086961326984
52	4320.3171338137045	3942.028361073552
53	4125.0	4125.0
54	3845.2386378255287	4374.717000290898
55	3340.520429932439	1302.7268971893795
56	3288.618046707332	944.0878643727183
57	3428.5101022642693	977.5177681504804
58	3016.8769234642355	1053.0252884977072
59	3467.099751879123	1002.7507574053758
60	3375.0	1125.0
61	3375.0	1125.0
62	3509.3441070693384	1067.3144771482537
63	6204.410455706465	8595.089773965337
64	6342.105825618586	8593.128234809044
65	6375.0	8625.0
66	6408.131699266694	8520.973950478041
67	6368.123307574362	8641.580624979651
68	6546.521286586219	8511.202521455685
69	6149.727402740473	8924.79535840961
70	6204.214346564612	8655.978080608449
71	6413.058493717975	8504.145726513358
72	6375.0	8625.0
73	6240.037957219671	8415.049940562674
74	6545.977732937339	8579.19150134227
75	6335.579935733226	8642.909062933708
76	4045.672099595271	2703.211883189036
77	4079.450906381774	2389.013652905288
78	4498.669523628375	2593.4391522397855
79	4125.0	2625.0
80	4013.706854619377	2597.283903278277
81	4125.0	2625.0
82	3779.110995139755	2661.9243891448755
83	4046.0164056584194	2722.1005354678346
84	4578.591771173213	4013.4041293927767
85	5139.788879927011	3892.3773226194917
86	5015.449817609619	3961.7720614374907
87	4875.0	4125.0
88	4944.155559024755	4052.494092477848
89	4776.00373997132	3918.9597941428656
90	4812.291673319311	4362.8919583998095
91	4782.266001724899	4081.56231234249
92	4634.071959967424	4270.048076605608
93	4875.0	4125.0
94	4875.0	4125.0
95	1875.0	9375.0
96	1875.0	9375.0
97	1875.0	9375.0
98	1875.0	9375.0
99	1875.0	9375.0
100	1549.8337658678752	9188.206209470625
101	1875.0	9375.0
102	1875.0	9375.0
103	1875.0	9375.0
104	1875.0	9375.0
105	2261.8565663428562	4208.908268331233
106	2386.6564479445924	4211.75529014838
107	2754.758590665258	4094.5687505299657
108	2875.1264330265803	3849.913089857678
109	2569.7923157216646	4097.839779114369
110	2526.059523246948	4198.31143778579
111	2625.0	4125.0
112	2701.9639055289263	3987.0963895743685
113	1069.8447661343057	11652.513743339054
114	869.6235560955283	11619.181122616828
115	1198.2953345029096	11579.699809599024
116	1028.1854406932453	11987.287097625956
117	1313.5003004071882	11594.23522395294
118	1146.3148496239853	11395.848188682137
119	933.12526674751	11500.451119608777
120	1125.0	11625.0
121	910.7916648536975	11621.145428438678
122	1351.9231767928309	11588.911068938376
123	1113.2008434631716	11558.158632905044
124	7180.934109770649	10114.632715444968
125	7146.334174719065	10103.12496073206
126	7206.489788046426	10066.390773609708
127	6809.213166980421	10327.246572508571
128	7141.511847019669	10087.263443203577
129	7180.309089030592	10104.354016354342
130	7114.8256692862105	10121.383546770245
131	7169.9886890095595	10093.37290029313
132	7175.393417782896	10107.230761614524
133	5421.311825621232	9376.77263100073
134	5531.680629186168	9302.150676831761
135	5884.035377931488	9345.023779914152
136	5590.84729500238	9423.034215186266
137	5760.018810653104	9281.908105324406
138	5812.082546638436	9049.999814241164
139	5539.930199130561	9516.299863371181
140	5625.0	9375.0
141	5552.010149366027	9516.59127447208
142	5616.238878436482	9503.9691176368
143	5517.994789469577	9421.398228087735
144	4144.3542407617815	10790.60865160201
145	4125.0	10875.0
146	3962.932077582984	10953.715472077345
147	3798.831321950798	10689.962183703881
148	4038.962632097089	10672.659536901707
149	4125.0	10875.0
150	4386.787585084617	10795.202343900912
151	3998.947256853055	10614.185825049222
152	4125.0	10875.0
153	3879.0217309157315	11024.862363754695
154	4125.0	10875.0
155	3912.609891720202	10900.95005734781
156	3993.2956961341374	10765.141552412662
157	1125.0	5625.0
158	1267.348582479078	5598.701064891539
159	1125.0	5625.0
160	1046.4059605074058	5637.293285486097
161	1373.2084223953352	5443.477985794894
162	1044.4493983551852	5712.361343870276
163	1125.0	5625.0
164	925.331392987352	5655.484052324981
165	1071.0530846461586	5330.082751004205
166	927.2303799975995	5800.773930418991
167	910.1762258752516	5586.542783186619
168	1064.4211425017163	14238.90320577009
169	868.9022314087058	13729.431930693305
170	1125.0	13875.0
171	1284.162297100686	13765.141985173994
172	1097.2702160093902	13927.385188108074
173	856.9156739219727	13645.513302663689
174	1491.4921357752373	13795.573843005563
175	1875.0	1125.0
176	1837.620061319885	976.0963388306989
177	1710.4192216085967	1100.3875481690307
178	1966.4925897794433	1022.1835891707991
179	2083.992743406753	1113.2927838973903
180	1557.4640170336888	1108.6416911924366
181	6947.771219154393	11092.961326555665
182	7235.872461506862	10753.904867797997
183	6923.391939724937	10830.928757547848
184	7109.174738920478	10717.516636961485
185	7499.882022306341	10865.594185228916
186	7043.9960953004675	11005.155718157193
187	7079.818457130281	10990.017991400937
188	7089.329928623649	10852.459899246183
189	7195.762858922255	10766.461730745114
190	1125.0	4125.0
191	1048.9655112860253	4191.92939329546
192	1225.6455528216802	4097.483795114267
193	1125.0	4125.0
194	1005.0486415979733	4246.9165019979055
195	986.9970045025101	4220.721997746242
196	807.9319455738631	4064.7466420240726
197	1237.9716381383287	3767.421464603449
198	1125.0	4125.0
199	1071.5246047488981	4118.499716050089
200	2625.0	13875.0
201	2464.5973135239215	13804.93642800272
202	2649.306803163415	13500.788590072436
203	2625.0	13875.0
204	2940.7889232993966	12309.03188276584
205	2810.1893235791345	12278.741835410914
206	2612.0360706842234	12321.569954791057
207	2540.6455628425697	12411.960152852496
208	2554.344941234781	12501.592113798582
209	2432.096460185024	12304.58737806515
210	2379.5259891053165	12155.2585681952
211	2441.1882831327757	12264.164187396313
212	2625.0	12375.0
213	2516.5966012729255	12323.124378082492
214	2625.0	12375.0
215	2625.0	12375.0
216	2496.512293413036	12322.27536086108
217	7323.528117441701	6806.862315050458
218	6859.117643043456	7224.312856711226
219	7024.204497681216	7290.428440570384
220	7247.526874032422	6915.941276235388
221	7032.817342982392	7076.602559796061
222	7125.0	7125.0
223	6926.007894999817	7219.658748379216
224	7125.0	7125.0
225	3468.0499461535674	6992.408419743365
226	3335.393951701466	7257.523525258816
227	3375.0	7125.0
228	3375.0	7125.0
229	3000.00828010484	7122.508010820608
230	3573.2324460540913	7099.592800814296
231	3375.0	7125.0
232	3411.7847065371056	6945.899130122868
233	3375.0	7125.0
234	3345.9867261150557	7047.8499978430145
235	375.0	8625.0
236	375.0	8625.0
237	688.0971353598636	8493.866796946748
238	10.861510090750357	8714.600000929751
239	629.9556020814182	8433.532127773424
240	43.73748598431513	8794.369066167455
241	375.0	8625.0
242	385.0778938516367	8614.289703697043
243	414.40009443799124	8515.835015322331
244	461.97508317801817	8530.156482325665
245	80.11931993024405	8747.332225058777
246	2466.1508202036684	152.59936910815347
247	2625.0	375.0
248	2571.5124879118102	171.75058029194466
249	2625.0	375.0
250	2673.6909865604716	361.02743977732115
251	2625.0	375.0
252	2462.378134040224	265.5373922864329
253	6755.409586840604	13061.534052432293
254	7244.370755040575	12920.180671751816
255	7125.0	13125.0
256	3337.4461175109254	9921.136909110903
257	3193.656974928422	10268.542517356214
258	3313.317765215248	9964.54786423865
259	3375.0	10125.0
260	3375.0	10125.0
261	3362.1945350242663	10383.814189639765
262	3002.179459429495	10165.371333006435
263	3582.821997174765	9974.374533942606
264	3592.960665607941	10088.470466233566
265	5625.0	1875.0
266	5769.9348384688765	1668.888178597656
267	5336.18880560016	2014.1430866420487
268	5625.0	1875.0
269	5625.0	1875.0
270	5786.077755654595	1536.3571842881079
271	5595.236529516411	1840.5707715668682
272	5292.0183292930315	1983.3327769284638
273	5578.42570984927	1733.2280727423051
274	1889.0663621071988	7870.78009136784
275	1875.0	7875.0
276	1875.0	7875.0
277	1724.5455914217382	7824.79893066841
278	1829.8458000865526	7856.492135884981
279	1690.6771314257294	8000.380101147751
280	1875.0	7875.0
281	2119.0861737903774	7796.408216098775
282	1518.8940928152126	7757.468800448139
283	2048.7029792832154	7610.086725145954
284	5149.446828296798	1090.665695842867
285	4770.305554316173	1336.5875009399458
286	4637.271733720091	1415.0177087895643
287	4906.24453485453	1068.275936968865
288	4737.044541808048	943.0202441704779
289	4981.923184143064	1041.638324705455
290	4813.732069263156	1189.3521857338792
291	5004.035389636798	915.4426426013617
292	4875.0	7125.0
293	5183.443835141552	6911.722245503262
294	4630.572018463253	7124.495718383496
295	4854.6191637589545	7091.903907068725
296	4908.484361708361	7121.551424789548
297	4688.0892818858	7032.113945884723
298	5014.7621022146695	6991.643864813536
299	4814.227204236893	7253.42091157411
300	4906.961225397287	7092.130631085545
301	4827.824875790387	7189.647219178467
302	4681.984729936352	7287.281379423165
303	5019.511143931505	7099.503371775571
304	4875.0	7125.0
305	2625.0	10875.0
306	2625.0	10875.0
307	2625.0	10875.0
308	2625.0	10875.0
309	2625.0	10875.0
310	2625.0	10875.0
311	2625.0	10875.0
312	2625.0	10875.0
313	2347.57600780669	10622.688825940018
314	2625.0	10875.0
315	2625.0	10875.0
316	2625.0	10875.0
317	5509.80704851017	12306.493680796717
318	5258.588276228329	12295.203705081798
319	5585.560682190586	12282.125152250113
320	5625.0	12375.0
321	5625.0	12375.0
322	5559.634660690705	12492.491392323347
323	5625.0	12375.0
324	5696.760575648001	12340.614008737819
325	5534.765807505305	12234.384928803318
326	987.3636144742361	6776.171639083914
327	1125.0	7125.0
328	1054.8682886502345	6949.348599420352
329	1081.743002272952	7335.703713579235
330	1125.0	7125.0
331	1125.0	7125.0
332	1084.9780088340756	7135.8268852314795
333	1125.0	7125.0
334	7069.019743533623	7861.786795321722
335	7049.700309807832	7892.7454561498735
336	6941.633915378945	8021.26755737767
337	7030.293921392869	7888.260659885852
338	7384.520945568534	7604.308517290969
339	7125.0	7875.0
340	6933.494788983446	7825.362132025887
341	7398.7572286924515	7784.563773481409
342	7003.816986197661	7851.594812476229
343	7125.0	7875.0
344	7125.0	7875.0
345	3375.0	7875.0
346	3375.0	7875.0
347	3375.0	7875.0
348	3411.0175826550167	7861.005128896881
349	3405.628214682223	7864.517477795233
350	3000.61739912343	7853.490277526314
351	3400.332402097227	7871.475423579815
352	3375.0	7875.0
353	3375.0	7875.0
354	3375.0	7875.0
355	3417.9514242961177	7868.757053830927
356	3375.0	7875.0
357	1985.1072164471482	11613.12931970636
358	1575.3709696709936	11399.50622140711
359	1875.0	11625.0
360	1958.6011695721086	11605.071906948066
361	1695.174985386938	11622.133316884623
362	1771.4458272596423	11784.39512157445
363	1875.0	11625.0
364	1805.780425199334	11543.79302081337
365	1875.0	11625.0
366	1875.0	11625.0
367	1908.1490110523791	11565.594085313629
368	1995.7376085845392	11471.05952065213
369	9.258567894380974	13042.185720788437
370	375.0	13125.0
371	375.0	13125.0
372	339.5390589600503	13094.306344025026
373	375.0	13125.0
374	406.4617969440316	13035.021576423442
375	375.0	13125.0
376	375.0	13125.0
377	375.0	13125.0
378	462.1012854419696	13119.569063573445
379	3907.9364872788974	10386.168548717837
380	3997.7657211630626	10122.337428134642
381	4105.615655735176	9990.568534937322
382	4088.715145872526	10154.280769129493
383	4125.0	10125.0
384	4125.0	10125.0
385	3935.459053276607	10130.657756286402
386	4125.0	10125.0
387	4119.987359554563	10306.321478314885
388	4101.879092134579	10120.087696979102
389	4188.398940776608	9755.39808670895
390	4130.39200052583	10113.203118502386
391	4318.023141111335	10071.368314670628
392	3375.0	8625.0
393	3156.6068628365138	8686.791958869462
394	3375.0	8625.0
395	3258.557991875359	8811.669682358353
396	3517.9859102649966	8325.915916629205
397	3578.1471135799243	8309.791735127163
398	3178.9741664544877	8786.238758786374
399	3290.583504479598	8722.645659313808
400	3357.123832325906	8473.725582977739
401	3509.652069369248	8428.163245685217
402	3263.094716643893	8881.992609220115
403	1875.1739721819279	4027.2516630633772
404	1875.0	4125.0
405	1619.5223314249151	4109.900944718749
406	1750.143721367717	4254.377152431721
407	1875.0	4125.0
408	1812.389237951448	4019.755480484061
409	1971.3296466574752	4053.2432031606436
410	2102.075027823861	3826.567542417396
411	1875.0	4125.0
412	1682.4646979086338	4291.711486556235
413	4875.0	2625.0
414	4875.0	2625.0
415	4875.0	2625.0
416	4504.915859487324	2564.479516351948
417	4789.489297768041	2468.3012322408167
418	4875.0	2625.0
419	4695.967726865014	2571.278524463474
420	4947.600280084446	2429.0702464502015
421	4791.803036747401	2737.403255282536
422	4682.434164015617	2704.0298469435784
423	1897.519643993402	10025.985794090953
424	1818.23802260558	9996.488169555256
425	1923.1696831758697	10103.806013357913
426	1962.4244001400032	9949.799598513626
427	1717.996709412103	10072.159361557253
428	1875.0	10125.0
429	1661.9392060441853	10039.585703320996
430	1875.0	10125.0
431	1815.6363008398328	10066.624026832767
432	1943.98600052938	10117.581405287698
433	1869.3038061340837	10196.305741942462
434	4945.105406717005	10870.019991144749
435	4924.528506638705	10868.676211525873
436	4875.0	10875.0
437	4875.0	10875.0
438	4875.0	10875.0
439	4876.307503591434	10867.659750319492
440	4875.0	10875.0
441	4517.896263023784	10760.536376793229
442	4875.0	10875.0
443	4954.510826428612	10858.877004651546
444	1759.0800397282057	13518.366346497438
445	1786.5037379781375	13880.787406272815
446	2100.930570888685	13835.772739404274
447	1875.0	13875.0
448	1875.0	13875.0
449	1708.237036236157	13977.386908965747
450	2342.712586020085	8121.857886057002
451	2943.2465535773244	7840.389920986383
452	2554.0162263137463	7879.609290327957
453	2625.0	7875.0
454	2581.6276144016156	8075.28455560339
455	2899.8043435541927	7631.926685593753
456	2500.9061879207625	7719.143979312709
457	2409.100682945471	7758.1095215001715
458	2658.622436678673	7846.631082775724
459	2538.3373493530908	7923.026908100863
460	2635.93520755111	7805.728022588362
461	1640.1437733790076	7354.124756397078
462	1742.6419034257615	7114.34909016441
463	1937.0711570842311	6984.443480344237
464	1875.0	7125.0
465	1806.4292225936972	7152.693908623579
466	1944.2473088486847	6975.675092783102
467	1875.0	7125.0
468	1787.1459065702795	7336.282264286588
469	1788.871712723013	7157.950890651268
470	1854.4807965305204	6819.010084628257
471	1026.0741586679717	1911.7086202950097
472	987.2078162617635	1808.03914622255
473	952.8495718378806	2012.4230342756641
474	1425.3670985681708	1702.8483289103972
475	1090.0314781817633	1853.5532862737728
476	933.0559516645878	2129.1134166643196
477	1460.4201394552795	1707.3147888220285
478	2625.0	4875.0
479	2625.0	4875.0
480	2942.140777987502	4674.883216752113
481	2446.3088399296453	4832.1680815333175
482	2679.6570719953834	4827.846541399018
483	2614.6428874480043	4930.25799361601
484	2566.983389587547	4888.352935251317
485	2599.513104276048	4925.439638896236
486	2548.5142744272853	4884.943100397434
487	2575.816234578451	4843.03211188517
488	3014.0711236891243	10773.238778284807
489	3248.728737569248	10841.655090524848
490	3390.3628416557267	10776.515535884144
491	3387.6699286023854	10796.51752512917
492	3375.0	10875.0
493	3375.0	10875.0
494	3375.0	10875.0
495	3435.922650999408	10785.540846101027
496	3420.348500929515	10510.48595820378
497	3324.297095302301	11192.421436152197
498	3110.3193411673874	10878.408011475165
499	4875.0	12375.0
500	4661.831657699947	12164.22574627514
501	4870.604652789614	12499.090779864633
502	4755.18461927247	12094.463946853399
503	4883.057886660555	12303.371508687782
504	4827.759201012712	12364.215168860888
505	4792.013175823283	12288.16659104817
506	4785.724523243662	12570.915686146853
507	4875.0	12375.0
508	6346.570095820061	7501.0792322585985
509	6340.752471363358	7724.606119648345
510	6336.908932562434	7975.745754056184
511	6375.0	7875.0
512	6284.822413845249	8040.045275115054
513	6407.142652342572	7749.46202747323
514	6464.053639647868	7837.712726332978
515	6182.371263596733	8073.291118058867
516	6316.594587488486	7916.591991631662
517	6375.0	7875.0
518	4693.766090800703	4621.389107551346
519	4875.0	4875.0
520	4875.0	4875.0
521	5133.41805371525	4847.469834731844
522	4550.27321264578	4791.074916837836
523	4772.632365102968	4713.03403035374
524	4905.861849100546	4569.270773554878
525	4815.928374250674	5245.318164598135
526	5000.887726542434	4841.575865331705
527	4900.667240123548	4870.19487471717
528	4742.603233362142	5027.1519171057635
529	6092.214726548944	13371.287411613366
530	6305.568276401279	13355.463251272991
531	6681.390208695634	12941.625318160923
532	6194.556551908184	13442.137232084695
533	6461.04496606133	12867.028920766901
534	6373.111705222541	13130.512320118569
535	6349.806896300209	12805.051584696943
536	6542.307919388222	13086.89771286464
537	7189.565786997109	5590.978409975956
538	7184.045749838756	5583.751927699712
539	6802.262549014534	5815.959518567166
540	7176.187947878119	5594.565564983777
541	7203.125157318114	5579.267280262155
542	7194.812832507435	5585.4772867342
543	424.18265395736773	12119.149929495454
544	375.0	12375.0
545	289.7043539333102	12401.43247928195
546	375.0	12375.0
547	375.0	12375.0
548	481.26583819663915	12315.342200428353
549	42.25233624541511	12263.454937430171
550	245.9230087249664	12498.379465263015
551	152.31873632799955	12344.077060917256
552	375.2712135663775	12155.973740980062
553	427.11854719189864	12251.728713995823
554	1796.2066400460667	12429.007547884225
555	2093.381384193987	12366.341140393133
556	1875.0	12375.0
557	1602.8466961256543	12507.331551153504
558	1997.853914809363	12319.533464792672
559	1510.2949396785327	12358.609908528733
560	1805.750301539369	12462.600280693947
561	1755.835601484277	12482.571795779331
562	1884.9967571738423	12281.767908157615
563	1985.2313484764202	12333.485906662374
564	1875.0	12375.0
565	2145.315169350476	12115.087112249077
566	7131.238047010829	4605.299880841274
567	7276.548014021973	4780.9664801903455
568	7221.368764804544	4823.491369177078
569	7270.518297117669	4755.714076607342
570	7125.0	4875.0
571	6937.459996029584	4917.517831733801
572	7021.235798703931	5047.849767414165
573	6930.600346180586	5195.677056545822
574	7122.7716018144865	4784.832443345985
575	5625.0	3375.0
576	5376.354620210339	3368.6612986455516
577	5625.0	3375.0
578	5540.805301844247	3740.426124958878
579	5465.590119145824	3207.7564433563875
580	5418.003464770097	3269.213384332818
581	5718.827145190549	3200.6450873434146
582	5599.154439638466	3336.913922580643
583	5618.290632411555	3270.184372239301
584	5625.0	3375.0
585	5625.0	3375.0
586	5652.791029959694	3282.139089543051
587	320.14325282596394	1037.6676139147612
588	475.98235516481157	999.1345156409144
589	274.778377754126	1284.5699045273384
590	294.16224771458684	1242.6110382061981
591	128.5793422419449	1107.6204636879736
592	39.71190580242131	1292.9490812399868
593	375.0	1125.0
594	547.8839655647829	1037.687373211357
595	290.14864059356887	1085.5530342585985
596	732.8507409978856	1063.0509003041159
597	535.3244626660899	1080.0797091015672
598	3406.804975054233	13824.277145357704
599	3375.0	13875.0
600	3278.5085855289394	13788.78852662857
601	3416.882381377537	13637.624716228935
602	3066.585083910677	12161.680428620308
603	3375.0	12375.0
604	3306.656140654645	12151.672146009108
605	3375.0	12375.0
606	3288.1866325578276	12357.231904681128
607	3375.0	12375.0
608	3294.796757683791	12283.201465030914
609	3615.561444080913	12166.673463323748
610	3375.0	12375.0
611	3143.2309741107197	12327.694513275574
612	3375.0	12375.0
613	3398.957341352248	3368.9152944312614
614	3400.707595019636	3370.7204748559857
615	3412.336677257004	3362.402432265483
616	3409.4975439655523	3363.287953415621
617	3407.6282640369604	3374.5091629683334
618	3413.6792923130133	3364.8456891277106
619	3402.9250882064835	3366.7197968176342
620	3408.6608197788173	3364.493503938541
621	3011.5737708823026	3467.446611561976
622	3415.404031993241	3361.635081546131
623	3412.074164077181	3368.1598741342314
624	3406.555564728149	3366.8640591039825
625	5597.21164086996	5648.504942753813
626	5520.381085874797	5264.889068747888
627	5524.0725748274035	5525.937971608608
628	5625.0	5625.0
629	5525.762673048891	5646.200382465754
630	5885.535584656705	5608.83506211135
631	5612.749539216901	5832.428768076586
632	5625.0	5625.0
633	3448.27636112309	5351.484185425546
634	3289.4891969432633	5259.879605389411
635	3349.4535225867785	5858.505019326232
636	3375.0	5625.0
637	3375.0	5625.0
638	3364.7190853725633	5606.55310886742
639	3470.603335909105	5440.775901994217
640	3348.7033149891513	5688.414118766674
641	3305.0991581284015	5858.26767488716
642	3284.109942908066	5827.476798233669
643	4869.374432391194	2095.349258564446
644	5010.382692513099	1744.6237014413882
645	4819.871950250052	2097.695404519668
646	5149.919384558663	1619.9620969465795
647	4655.521196725108	1648.2808501392553
648	4744.925632031224	2044.0885902317743
649	7355.340709837199	1011.1421561194809
650	7059.040815090203	1164.1160566682179
651	7125.0	1125.0
652	6948.296376501347	1263.0465384563688
653	6788.833072664468	958.816977504357
654	4788.210584666375	3169.614997659293
655	4693.971469207537	3504.8936174055425
656	5013.202976944219	3351.4248883276778
657	4525.098788290081	3336.913305891121
658	4796.391353058544	3741.6683523649585
659	5187.162878989991	3258.60262651093
660	5006.157245190228	3291.6085392706896
661	4632.318863110902	3581.019371700985
662	5025.672842719126	3248.8197841607143
663	4875.0	3375.0
664	4875.0	3375.0
665	4622.375026280758	3160.067565015285
666	4723.428943269981	9368.756084929724
667	4697.406512779852	9287.559062308817
668	5162.677816585913	9275.499194993981
669	4963.463605092744	9169.907923325532
670	4800.959763283325	9493.932083606082
671	5006.1103030652175	9204.014683827862
672	4875.0	9375.0
673	4875.0	9375.0
674	4748.83514224935	9559.804504441181
675	4712.8308836293945	9713.121542785397
676	4925.010059655971	9242.766110526385
677	5625.0	4875.0
678	5430.878579702246	4790.351239962727
679	5771.750120063015	4796.2209488757
680	5532.5234203207	4910.742224552821
681	5589.42791193741	4673.636374791086
682	5625.0	4875.0
683	5466.308270919751	4759.5204736922105
684	5625.0	4875.0
685	5256.4147048283285	4944.064319175762
686	5943.980028847812	4791.1359637020905
687	5625.0	4875.0
688	5434.818842186148	4831.3633806568005
689	5625.0	7875.0
690	5625.0	7875.0
691	5559.109400096715	7625.693279338013
692	5480.321558145904	7968.33105865568
693	5625.0	7875.0
694	5453.442522268743	8038.279487240817
695	5654.772061938865	7864.314650863947
696	5739.521275789959	7703.592201736369
697	5951.485050473151	7690.520971876086
698	5492.815215066037	7928.114067103846
699	5419.780792117774	7767.247099869594
700	2679.212816099866	2611.474829420112
701	2625.0	2625.0
702	2596.3237190256673	2593.384073974498
703	2625.0	2625.0
704	2555.6394568525093	2618.569707701289
705	2710.9892094316797	2259.9919783603177
706	2485.9637791155146	2420.056908068177
707	2583.1499331797813	2768.63128920107
708	2625.0	2625.0
709	375.0	10875.0
710	213.2717276948615	10834.085412138887
711	242.63960882855008	10942.444402939638
712	394.727417233735	10720.679303012494
713	375.0	10875.0
714	305.32491554395074	10994.719200458681
715	175.569965680627	10968.374778916694
716	375.0	10875.0
717	353.35155259719	10891.743684828436
718	715.1883112827925	10717.21244387924
719	484.649903652189	10807.66771600865
720	4369.073330329282	3257.8971173511327
721	4054.5132796111334	3554.2824580675547
722	4034.5886078454087	3176.2679240543252
723	4236.458918563745	3181.080543836139
724	4062.8711089923004	3394.742927664785
725	3954.4268632051985	3708.960783631824
726	4125.0	3375.0
727	4125.0	3375.0
728	4120.395816109528	3356.437509268051
729	3993.9175170588856	3480.7783657322293
730	3900.796158409095	3183.8978773084614
731	1897.824966335803	4873.827448504213
732	1875.0	4875.0
733	1875.0	4875.0
734	1500.04167364593	4880.590482783683
735	1902.89134235982	4864.481561513982
736	1875.0	4875.0
737	1905.3022270459346	4874.210683749
738	1875.0	4875.0
739	1893.9384953871627	4865.753714762072
740	1875.0	4875.0
741	1898.6894845532356	4873.663891436614
742	1888.0637703179143	4865.972143311357
743	1875.0	4875.0
744	1910.4757506522908	4864.299452278269
745	6423.918790732574	1797.8185359328675
746	6234.465820586883	1932.7025704362811
747	6375.0	1875.0
748	6237.715134512549	1813.8456382780928
749	6089.463008225503	1797.1563312234234
750	6337.428267810877	1900.152771791518
751	6515.06784547446	1809.17091848049
752	6304.825155473317	1835.028752276062
753	6375.0	1875.0
754	6401.590412518487	4111.399174509107
755	6049.877286075693	4311.86952905836
756	6410.638544788447	4112.424595707381
757	6419.313555396213	4097.435849824932
758	6420.20517941201	4101.173036801691
759	6414.2464251060155	4096.220508407875
760	6415.651176455119	4096.378542084171
761	6400.598721273538	4111.762651751968
762	6404.883462928801	4110.20007296746
763	6412.99520202656	4101.1359942369645
764	1073.887807796914	8058.246373972902
765	1127.0810508637821	7820.283613026338
766	902.5013002262808	7969.384729899846
767	949.0204124037141	7933.594709037983
768	1287.9595063803504	7727.50214170012
769	1455.500509942956	7697.815314071881
770	1059.287633694146	7864.426794451823
771	1274.0909818855355	7854.937549998279
772	1306.9766047654316	7759.714029189051
773	1047.6893465052751	7945.609013352221
774	891.0067760095142	7993.492487958205
775	7442.911747556224	6193.098957129769
776	7226.973457372391	6271.286573689112
777	7245.063227030811	6019.739783377103
778	7125.0	6375.0
779	6863.372756925735	6638.488043189047
780	6861.157518693852	6633.236362249421
781	6884.643519180563	6421.500759385914
782	5486.555989880506	11738.204308805853
783	5772.040139257816	11516.83583929845
784	5625.0	11625.0
785	5625.0	11625.0
786	5705.374004357062	11463.80134010191
787	5746.058213756353	11585.451279679406
788	5646.890479717958	11586.422627081547
789	5656.802133364277	11514.009001753095
790	5263.971577961937	11523.592512698979
791	5625.0	11625.0
792	5607.31644191512	11690.29631845861
793	5609.933566315878	11779.631305003682
794	375.0	10125.0
795	190.22758967257687	10285.907499393232
796	95.55820821574957	10215.139385985072
797	375.0	10125.0
798	510.79533744853757	9983.433475588283
799	340.41857709397516	10214.752586683839
800	321.0611909149538	10110.547037075847
801	375.0	10125.0
802	624.9718257016391	9845.466305509712
803	390.3833515827987	10074.467650557408
804	1813.9096375903891	6312.158511574673
805	1675.3860651985165	6220.72923159581
806	1707.2899987721523	6425.190983858251
807	1875.0	6375.0
808	1992.580224672789	6080.70384098415
809	1656.4958990483008	6598.1901917985315
810	2055.206741106417	6178.5255519939565
811	1568.9664697614444	6591.722122474212
812	1982.9806304786473	6346.718742582777
813	2115.120231385545	6363.272083563966
814	1875.0	6375.0
815	2385.2405505388615	12923.334340288571
816	2849.1911200155337	13022.653034392719
817	2651.3359156788983	12892.672732519415
818	2428.8656001810214	13444.618987558075
819	2625.0	13125.0
820	2749.5509411641333	13071.627791157118
821	3233.9383144599306	6509.101127884516
822	3228.735052688994	6080.171848223207
823	3375.0	6375.0
824	3181.295636315537	6504.143499446226
825	3375.0	6375.0
826	3609.109390417987	6364.13723265722
827	3410.481474595717	6153.072887004598
828	3375.0	6375.0
829	3384.555562593706	6261.447827870487
830	6988.504787839377	4035.429192963606
831	7125.0	4125.0
832	7220.624657770264	3956.2801429191627
833	6976.610999650389	4234.765934655346
834	7125.0	4125.0
835	7303.4222147960045	3889.8563967850373
836	7125.0	4125.0
837	7092.594324627204	4412.917390861401
838	6783.015809298233	3971.143530165101
839	6999.493248856803	4228.485139948311
840	6268.764040150461	6269.662355485888
841	6395.0267488923455	6300.880266454157
842	6377.985235541345	6001.892055321972
843	6235.022644514197	6637.452415455381
844	6171.5968028729785	6612.881779647102
845	6595.679137844492	6344.737558146586
846	6746.7149423929695	6325.472213841205
847	6508.602287309192	6300.93160798483
848	6163.455456880126	6410.195103630545
849	6510.086671060794	6100.7971549773365
850	6375.0	6375.0
851	6188.84884879001	6493.852414481385
852	6021.789643130863	6403.7693397286785
853	6357.973017270888	6628.188659647308
854	1066.2196489099435	6145.265281092396
855	1397.4892015336286	6272.121269482477
856	1272.4840980401275	6314.331938012424
857	1071.9998176602855	6400.3383065100525
858	954.4522315900965	6549.776200463086
859	784.4018664257712	6531.900960499775
860	1122.6078233361736	6535.201175542953
861	1330.3473303670385	6251.067895191433
862	4868.53089745114	11641.265306131549
863	4875.0	11625.0
864	4875.0	11625.0
865	4875.0	11625.0
866	4611.88407016217	11357.801557890818
867	4875.0	11625.0
868	4875.0	11625.0
869	4875.0	11625.0
870	4882.131733699528	11623.600614135707
871	4870.135002545671	11653.874854889104
872	4858.200732009979	11648.126216621105
873	4864.069559332038	11592.536392087597
874	4875.0	11625.0
875	4875.0	11625.0
876	3811.123786119513	7895.986121877462
877	4201.999401593347	7792.134360787862
878	4058.154336330884	7825.115878666106
879	3986.4545829625667	7923.717956177557
880	3886.9565374628655	8164.75905498074
881	4219.68470366786	7835.3843412407
882	3902.505972156617	7904.942891198008
883	4354.691847556243	7592.965576445839
884	4125.0	7875.0
885	4121.806870989358	7910.510311122829
886	4465.289321068478	7804.388796802573
887	4125.0	7875.0
888	4125.0	7875.0
889	957.3011341862631	4869.036981541289
890	1276.546100250059	4713.5134003524145
891	1068.0765989273239	4977.849038231805
892	1074.0731027672919	4866.190724134486
893	913.0072542146246	4933.636105529639
894	1255.819522783972	4852.6824301583865
895	946.6120181347324	5004.611137286455
896	1069.986139190629	4978.368498407123
897	1479.37841043257	4752.358480850549
898	1248.3915916895958	4762.771852066864
899	1125.0	4875.0
900	1047.930046500045	4883.428998405331
901	4875.0	13125.0
902	3291.7899730966305	4197.951536085559
903	3515.3777758306155	4054.6383532245236
904	3275.454054595587	4056.7906199464546
905	3375.0	4125.0
906	3405.8944619853633	3751.2747904962325
907	3364.7171138388226	4227.124383839037
908	3428.4994858675213	4104.012038878155
909	3053.790994666827	4195.995427838863
910	3375.0	4125.0
911	3255.719715404305	4319.59368821048
912	7125.0	3375.0
913	7058.665372461387	3341.7331261465506
914	7262.714732902135	3360.3817899342375
915	7174.888076029637	3285.9404262104617
916	7141.072304613147	3301.422257324889
917	7352.182084103569	3234.5623368813754
918	6880.973251000304	3659.7383812776907
919	7116.5786831473115	3287.969395346347
920	7058.71107425328	3382.6997839445107
921	7048.8587835166745	3482.877016833672
922	1125.0	9375.0
923	1135.6123581650031	9349.758934643503
924	1125.0	9375.0
925	1102.6553344041404	9312.937687169571
926	1270.8675611594251	9311.622578129727
927	1268.5539322582074	9331.98239208433
928	984.5531257010308	9342.415991720805
929	751.3599167736859	9406.9074945214
930	1124.4680880485298	9468.224077328778
931	1154.389828107821	9324.778483572707
932	1069.378862532112	9346.139224910954
933	751.4452714636026	10157.891713061172
934	1177.9695998479604	9987.77014147651
935	941.3961889604551	10161.326185186284
936	1094.2748084285427	10312.110590421074
937	973.0432367738873	10188.301939125866
938	1083.9755589120487	10170.69622518049
939	1326.2056032354199	9996.645060596271
940	899.5751425052031	10210.1960861501
941	1276.892544578041	10033.35557723361
942	1451.68001763099	9959.978663640813
943	1125.0	10125.0
944	4817.570805103274	6657.295955044284
945	5075.025408157619	6057.801582457639
946	4817.304514776554	6434.007754926731
947	4817.84010436024	6494.652744023253
948	4776.84493423146	6385.520348486844
949	5048.966191650842	6126.649667635748
950	4727.736935928455	6697.571238611847
951	5063.398525573019	6309.892767349514
952	4665.471261778491	6309.295494695797
953	4792.926161928129	6130.990049514772
954	4875.0	6375.0
955	5625.0	375.0
956	5419.961506466749	369.8446488748571
957	5514.605386527964	271.8477555967831
958	5947.933622295674	186.46439449739646
959	5612.92106696146	318.20134763331777
960	5569.117499747217	146.69309523709157
961	5507.223428894422	731.0248296096955
962	6375.0	375.0
963	6450.285445490647	316.4283197853935
964	6434.181396668438	159.289975919767
965	6112.4116253987995	107.28308696628909
966	6116.17884593288	326.1196993495627
967	6375.0	375.0
968	3375.0	2625.0
969	3375.0	2625.0
970	3669.194312467387	2440.1905988714434
971	3375.0	2625.0
972	3071.1844042490807	2405.179428218117
973	3406.4866880152586	2586.860438774939
974	3333.527160898742	2865.3156172478025
975	3192.351388097788	2516.379206039799
976	3375.0	2625.0
977	3375.0	375.0
978	3364.3666700139947	144.32278610951846
979	3040.622099584816	283.46190478330345
980	3375.0	375.0
981	1796.4780471684157	3228.3732874907823
982	1875.0	3375.0
983	1907.486467138536	3130.757060035626
984	1675.284386330383	3328.819896282458
985	1987.6480502997695	3227.5093356561447
986	1875.0	3375.0
987	1802.548247884826	3599.0884461872083
988	1624.0295046624262	3610.6447410535675
989	2232.9333669341954	3263.157678693838
990	1770.6947193729702	3368.1625724913083
991	1947.4217016165778	3274.328951546935
992	7023.229682872746	9379.232722177172
993	7034.264424726459	9380.081947175058
994	6918.059099455857	9532.863740918274
995	7429.332551656671	9194.207184138808
996	7125.0	9375.0
997	7034.712077764691	9460.100158342539
998	7432.057528746513	9159.731158687364
999	6973.518312463606	9507.61398329141
1000	3375.0	1875.0
1001	3375.0	1875.0
1002	3271.6365207125623	1849.072180007709
1003	3294.412960175478	1508.7613769516915
1004	3582.8370374346864	1579.8289499305095
1005	3066.544045134195	1954.5949969473688
1006	3578.7265019164565	1772.3154528723578
1007	3110.8697102555925	2138.5901174420887
1008	6375.072793985931	10811.20974918228
1009	6557.5314992920985	10815.56486962719
1010	6188.358074696594	11138.143767957343
1011	6105.387883639932	10976.973710202312
1012	6265.135444905559	11034.970116127071
1013	6280.8508318873455	10787.048637036625
1014	6466.9420498226655	10642.894289406971
1015	6148.7977889347885	10735.940767729559
1016	6252.578830074421	10763.927968868227
1017	6749.31710791667	10852.37915295793
1018	6375.0	10875.0
1019	6375.0	10875.0
1020	7016.039169030489	11728.96401468573
1021	7107.71649162116	11678.086802586056
1022	7125.0	11625.0
1023	6800.930586131684	11813.690262056754
1024	7162.114915392971	11517.234327512871
1025	6943.594196884595	11502.542791392796
1026	7400.313891229437	11502.663932302012
1027	7281.714232672399	11493.909285618944
1028	1198.585287687715	2577.603258675238
1029	751.0783789299878	2596.5813213471447
1030	1125.0	2625.0
1031	1147.9125667559576	2573.233016396145
1032	1073.8302651895228	2559.494024678688
1033	1125.0	2625.0
1034	1125.0	2625.0
1035	278.76955865520296	2749.9586901104954
1036	508.3310127512663	2496.4433771943986
1037	167.3549919094394	2725.6680939134326
1038	319.4231644398413	2635.6081374774435
1039	451.7846162388682	2557.9558916004635
1040	342.9280400905023	2736.9260435184406
1041	684.3591114418284	2413.0520342916157
1042	247.05314487712724	2684.3889453617358
1043	375.0	7875.0
1044	375.0	7875.0
1045	375.0	7875.0
1046	375.0	7875.0
1047	375.0	7875.0
1048	375.0	7875.0
1049	31.039021796686654	7725.615109621422
1050	375.0	7875.0
1051	375.0	7875.0
1052	375.0	7875.0
1053	375.0	7875.0
1054	1125.0	12375.0
1055	1142.5555510876768	12351.983448185894
1056	1124.9283139052577	12449.57767332946
1057	1243.6934971572086	12353.93606822545
1058	1189.2397196084173	12203.254482948205
1059	1031.660358945342	12672.441840610427
1060	782.6003112676203	12222.070430733722
1061	1125.0	12375.0
1062	1125.0	12375.0
1063	912.0254251140445	12294.817307286838
1064	1125.0	12375.0
1065	1069.2792533308552	12247.224636034332
1066	1125.0	13125.0
1067	1125.0	13125.0
1068	1125.0	13125.0
1069	1125.0	13125.0
1070	954.7628443322888	12790.867824311745
1071	1125.0	13125.0
1072	1125.0	13125.0
1073	1125.0	13125.0
1074	1125.0	13125.0
1075	1125.0	13125.0
1076	1875.0	8625.0
1077	1525.5635181350833	8488.914934170314
1078	1875.0	8625.0
1079	1875.0	8625.0
1080	1875.0	8625.0
1081	1909.130869115397	8623.80945550221
1082	1875.0	8625.0
1083	1875.0	8625.0
1084	1875.0	8625.0
1085	1875.0	8625.0
1086	1875.0	8625.0
1087	1875.0	8625.0
1088	2625.0	1875.0
1089	2741.915488473668	1871.4361707527041
1090	2275.695584488401	1738.5763022634985
1091	2781.7507238136704	1849.8847196558306
1092	6250.174957500795	1212.8333771719103
1093	6490.740844409403	871.4834934564549
1094	6656.04318373995	876.726503884703
1095	6386.221024827238	1011.8489842274579
1096	6290.542728539567	1467.827475244291
1097	6340.658295117253	1419.2737921044295
1098	6375.0	1125.0
1099	6175.21636409029	901.9601190219155
1100	7499.189224716487	1850.3540245460924
1101	7129.667175915236	1849.30343301482
1102	7123.182385596742	1856.045126132438
1103	6856.731907760386	1753.9817631568503
1104	7016.2223685515955	2065.315653149799
1105	861.5986638673053	1198.7485848513948
1106	1275.7480439526078	1119.8418619843821
1107	1125.0	1125.0
1108	1125.0	1125.0
1109	1291.4008692623215	1009.6429088141753
1110	1440.350590839726	1048.6628729763968
1111	943.0931394761596	946.7032045427987
1112	792.8092805791355	951.0048106106135
1113	1125.0	1125.0
1114	6309.197119589645	10126.362611319657
1115	6671.408613045486	9975.798411108455
1116	6375.0	10125.0
1117	6342.834302472968	9993.536721684777
1118	6209.44185453955	10252.831388373814
1119	6433.103223702543	9995.293498347859
1120	6375.0	10125.0
1121	6073.304388687431	10347.721256539951
1122	6354.398769950817	10116.406238378935
1123	6423.184483545713	10039.68669644698
1124	2625.0	11625.0
1125	2625.0	11625.0
1126	2625.0	11625.0
1127	2734.831103340131	11603.799952463663
1128	2792.305402107834	11617.27394724961
1129	2548.7908006518683	11702.417679948667
1130	2327.6497149444376	11534.66109985313
1131	2401.6065577143468	11441.006465856786
1132	2561.6106169787695	11677.575715872235
1133	2887.200202737708	11603.208803441725
1134	2271.0030826260695	11501.261636952178
1135	2555.8617184375958	11503.461771179109
1136	2625.0	11625.0
1137	1125.0	10875.0
1138	1125.0	10875.0
1139	1125.0	10875.0
1140	1125.0	10875.0
1141	1125.0	10875.0
1142	1125.0	10875.0
1143	864.4895424730396	10605.260678581906
1144	1125.0	10875.0
1145	1125.0	10875.0
1146	1125.0	10875.0
1147	1125.0	10875.0
1148	7125.0	375.0
1149	6961.296866136856	144.57771475325626
1150	7125.0	375.0
1151	7036.431870463913	10.609157043595758
1152	7076.957488199788	459.00228097819695
1153	7143.0145279119	363.72465890349383
1154	7125.0	375.0
1155	257.6799171031003	3327.3662245082364
1156	311.35728191875506	3596.8840318784632
1157	378.1871174858419	3309.83434120326
1158	276.959186016941	3368.9662643543543
1159	199.2202337789751	3425.6654238319547
1160	540.8582070809701	3322.774410445845
1161	590.0663813857329	3067.8006321659395
1162	507.54511063929664	3238.6354941874433
1163	375.0	3375.0
1164	483.5765857337484	3191.50370885963
1165	176.00934724519004	3520.6932019781752
1166	214.070821748044	3511.6847503555346
1167	1875.0	375.0
1168	1875.0	375.0
1169	1813.5242570975029	159.46098024376965
1170	2094.2093136929475	215.30230098677552
1171	1875.0	375.0
1172	1648.9004824881235	174.83201664128993
1173	1875.0	375.0
1174	1676.4243259384693	297.72972524574607
1175	4125.0	13125.0
1176	4125.0	13125.0
1177	4125.0	13125.0
1178	4125.0	13125.0
1179	4125.0	13125.0
1180	4125.0	13125.0
1181	3990.814373971597	12774.829730320569
1182	4101.4205881990465	13107.648290979832
1183	6351.474200701279	11546.435254509748
1184	6535.01424176206	11497.009725790766
1185	6040.442826541046	11794.400406396075
1186	6504.156450057097	11334.809646785852
1187	6314.8637367960355	11653.3195278052
1188	6375.0	11625.0
1189	6285.67172202373	11687.14522714335
1190	6395.628838979426	11616.75559213837
1191	6375.0	11625.0
1192	6573.706926833126	11542.008142122955
1193	6265.461307202507	11711.508204745984
1194	6375.0	12375.0
1195	6505.899744813068	12247.202970184906
1196	6088.062323506848	12436.121978474928
1197	6259.836863980218	12383.997706051328
1198	6189.500843362359	12615.294476532783
1199	6375.0	12375.0
1200	6309.6731980480545	12435.745567070966
1201	6406.557943641023	12225.447462669701
1202	6375.0	12375.0
1203	6513.268232465568	12026.421607251901
1204	2456.928951176114	5674.999724166136
1205	2749.496376860123	5573.759393043424
1206	2296.6421746521505	5443.875350841386
1207	2625.0	5625.0
1208	2581.972776326137	5768.768768576888
1209	2712.688497546367	5610.411332541269
1210	2888.4293522095604	5507.9162941763525
1211	7087.667543589818	8577.223092965727
1212	7125.0	8625.0
1213	7015.594984946152	8639.846791298754
1214	7325.399503658839	8556.900479758697
1215	7388.938345119442	8507.160962126149
1216	6784.418042024742	8781.936069473335
1217	6990.095783288598	8603.189940881375
1218	7125.0	8625.0
1219	1200.0756438356684	364.79021078015177
1220	1199.9188800066192	362.40094695482736
1221	755.3848066000533	438.32147193425016
1222	1197.4385295763395	362.2166968934032
1223	1198.1546587463336	360.3946699326609
1224	1199.0275004650925	361.8759650444934
1225	2616.6662045464536	10235.551582617847
1226	2625.0	10125.0
1227	2530.847533434596	10042.282391847957
1228	2542.442718609164	10269.594075261724
1229	2625.0	10125.0
1230	2703.3267212296755	10119.207721906654
1231	2625.0	10125.0
1232	2641.257222780702	10074.823447043349
1233	2299.034956790355	9939.603693118406
1234	2457.064667358426	9894.240064798603
1235	2731.4076895886133	10110.638527819478
1236	2881.164182501184	10049.118243296585
1237	4165.66406771095	11617.349085519334
1238	4125.0	11625.0
1239	4117.507502636973	11623.434626971328
1240	4125.0	11625.0
1241	4125.0	11625.0
1242	4125.0	11625.0
1243	4142.013024348671	11602.507298500488
1244	4126.592083487667	11623.20686177781
1245	4125.0	11625.0
1246	4125.0	11625.0
1247	4125.0	11625.0
1248	4151.964815021559	11622.96542520413
1249	4095.9194021844023	11663.189086492352
1250	3932.092980823218	11303.422821157457
1251	6346.076250953435	7158.4035183847955
1252	6371.78654960867	7106.066442712269
1253	6501.4222213841595	7122.652198078377
1254	6375.0	7125.0
1255	6375.0	7125.0
1256	6441.071928705236	7056.434518507579
1257	6439.585924503901	7048.609218072898
1258	6013.503581735347	7224.726323414771
1259	6515.610692698593	7047.286485646988
1260	6333.059562687632	7098.337218475627
1261	6357.664118646797	7149.997717474988
1262	2636.7317437335523	3242.071644743353
1263	2567.571793717251	3429.173146688363
1264	2459.709491141174	3409.35690437291
1265	2253.7355692074348	3322.2011133803703
1266	2871.9416091394833	3196.616774939904
1267	2809.803954932941	3368.017566993289
1268	2466.7784948817784	3301.1612038077
1269	2713.2642990409495	3373.1993287350206
1270	2565.9394320651427	3403.25749285191
1271	2676.282086830905	3323.4469266392807
1272	2625.0	3375.0
1273	2625.0	3375.0
1274	2625.0	3375.0
1275	4202.7950099487	5608.746533347219
1276	4125.0	5625.0
1277	4029.328971903919	5609.7036538871025
1278	3892.8619769430284	5919.511355046288
1279	4124.2840756395035	5523.741786387778
1280	4125.0	5625.0
1281	4071.1947678036518	5459.8563572289995
1282	4057.0557125178284	5331.599499880829
1283	4104.674600838402	5556.232940504034
1284	4032.2224243885953	5571.725399398301
1285	4008.8949217531012	5621.605670963365
1286	4078.2818779717895	5631.278764841709
1287	4125.0	5625.0
1288	4123.949949156525	324.8869542465205
1289	4156.6408913200885	216.50374580389385
1290	4169.950345832693	366.9888569516118
1291	4125.0	375.0
1292	4057.8700333190327	165.514931816186
1293	4066.9240186238694	284.0473051654863
1294	4125.0	375.0
1295	4131.916639251585	310.05423518795425
1296	4034.373643907316	343.71052729743576
1297	4125.0	375.0
1298	5625.0	2625.0
1299	5723.462629337322	2263.1573399611634
1300	5625.0	2625.0
1301	5849.720258216986	2568.933132347327
1302	5285.823422294589	2465.3297091363074
1303	5625.0	2625.0
1304	5552.1739297200265	2645.001614020704
1305	5730.184330155496	2559.7943254760185
1306	5376.11228520513	2858.395219897549
1307	5293.868931702249	1301.0034533979106
1308	5656.932121558539	1100.181867779626
1309	5665.805332812831	1105.919869862498
1310	5655.803955722417	1104.057134349191
1311	5663.122180548142	1101.7947976113687
1312	5658.107373813329	1105.6591309948683
1313	5663.558774280059	1105.237291506412
1314	5662.547447744589	1111.9447859727927
1315	5666.73076402487	1106.5875844951906
1316	5663.522982413076	1107.6140843952853
1317	5668.984079188831	4112.9122708367995
1318	5665.669507873959	4103.731128693122
1319	5660.38705486893	4106.818754828499
1320	5650.18713868024	4109.696049491442
1321	5643.904528158025	4100.792739173814
1322	5674.418570112103	4107.600481360196
1323	5671.077282756353	4101.756360652266
1324	5293.888244807564	4301.039784064239
1325	5660.964237815517	4107.03981065618
1326	5660.519346915478	4098.612655535439
1327	4357.649543713292	8502.59338811501
1328	4125.0	8625.0
1329	4197.896294404352	8257.153387589182
1330	4053.147927503437	8597.546760474608
1331	4020.4321645390746	8633.445999493462
1332	4065.5160669405022	8764.25580490802
1333	4125.0	8625.0
1334	4053.8554439635386	8637.731816122165
1335	4254.503875499885	8538.813845871038
1336	4088.9391075646604	8624.876802347822
1337	3969.348814889397	8673.829076226013
1338	4064.1991745228806	8643.091262007834
1339	4125.0	9375.0
1340	4125.0	9375.0
1341	3978.0456832601762	9637.396133845077
1342	3853.306345248907	9171.312510945005
1343	4095.4508168347115	9435.160558102516
1344	4125.0	9375.0
1345	4044.1959915767607	9338.195018634291
1346	4116.76345526536	9164.552313094115
1347	3932.3753269885933	9271.527593838211
1348	4110.780512414444	9481.724380787895
1349	4452.689322204698	9204.707975851645
1350	4453.45976984152	9194.060287400318
1351	4005.0711580966445	9364.312926090432
1352	5609.73683082104	6410.539319055671
1353	5625.0	6375.0
1354	5897.149671354519	6169.616077841709
1355	5788.453906483455	6237.436682917102
1356	5535.898716690974	6100.363609823201
1357	5515.243762338806	6600.669733121861
1358	5530.355050245282	6272.557205091247
1359	5599.301508954434	6373.136308941922
1360	5416.249076733046	6547.524768338523
1361	5380.752895553584	6533.470583075598
1362	372.8745975770302	11681.41654765413
1363	42.40436994247301	11798.219937843878
1364	375.0	11625.0
1365	314.4256713172018	11598.368336024423
1366	375.0	11625.0
1367	277.233886064454	11706.37761895252
1368	598.2255141736745	11395.610938675767
1369	319.9265436457544	11407.155482101693
1370	375.0	11625.0
1371	375.0	11625.0
1372	409.4284024747276	11441.292346015074
1373	5625.0	13125.0
1374	3375.0	9375.0
1375	3169.842487671403	9381.824955231861
1376	3499.4858893573114	9356.647615903097
1377	3375.0	9375.0
1378	3506.570932648732	9222.902744468583
1379	3000.386837865222	9357.971237408949
1380	3250.079526676372	9293.896340447898
1381	3292.4242063673914	9349.317259388017
1382	3512.337449205303	9326.41116897114
1383	3375.0	9375.0
1384	6431.550041325397	9341.996519900133
1385	6402.699932086458	9372.156583822425
1386	6395.2141609092005	9356.017479184682
1387	6388.071697648462	9369.427006811278
1388	6426.080194857944	9332.950577807673
1389	6413.859624416545	9361.993875235674
1390	6043.831400912777	9550.932825187929
1391	6404.190900789107	9349.282333342446
1392	6406.378069813712	9366.616482250269
1393	6425.192665177122	9342.040197403949
1394	6375.0	9375.0
1395	6375.0	13875.0
1396	6375.0	13875.0
1397	6375.0	13875.0
1398	6426.043890090594	13759.355973946995
1399	6336.851852631454	13853.676168194768
1400	6365.007198761493	14025.623136144948
1401	6122.722242845095	13597.545619524775
1402	6375.0	13875.0
1403	6298.3893849895485	13934.751853389782
1404	6356.6712528817325	13889.364005916777
1405	7125.0	12375.0
1406	5596.288905797572	10889.093122708684
1407	5728.413837919133	10872.46763101293
1408	5638.836271827733	10871.564956811397
1409	5667.151412033921	10854.946505340797
1410	5625.0	10875.0
1411	5250.589972751854	10853.973076876488
1412	5708.094310752008	10865.205052083518
1413	5581.814056214308	10846.432057042322
1414	5680.847788721035	10867.35677956405
1415	5625.0	10875.0
1416	5675.125581720543	10867.78693732082
1417	147.1522774622621	9439.888617721543
1418	520.8511120168151	9122.99029629902
1419	518.6408669704059	9310.414899393492
1420	579.4013734714114	9335.28102634081
1421	640.6443051116803	9361.323630178975
1422	375.0	9375.0
1423	194.53749476667411	9474.54526004924
1424	558.0389200102584	9190.323758304969
1425	439.11590213051494	9207.42374549237
1426	21.298836099203015	9499.581245198551
1427	112.62128843562863	9387.335603849566
1428	198.57058285372042	9692.080710147613
1429	1875.0	10875.0
1430	1745.8193631132317	10683.671559679182
1431	1820.2805930262834	10964.096596257199
1432	1875.0	10875.0
1433	1875.0	10875.0
1434	1639.5880712885187	10800.270205079574
1435	1800.5035403123086	10854.030841179387
1436	1743.824787245528	10827.565837515018
1437	1815.0399159516596	10806.736605404945
1438	2071.5751957720527	10854.885287262896
1439	1896.0166693969752	10653.619073329697
1440	2468.584326475487	9613.553131303292
1441	2765.51096693003	9319.821287834304
1442	2625.0	9375.0
1443	2845.8288322453454	9260.041783790604
1444	2457.325413069527	9135.9601439961
1445	2574.3528013790105	9434.57818239138
1446	2757.4219813643394	9322.083195810363
1447	2888.2934899445668	9153.260779400416
1448	2377.6094402823956	9656.820707121762
1449	2460.7019916646773	9171.327621328559
1450	7336.64470617992	2370.522473234236
1451	6902.459019441072	2656.19098608551
1452	7058.446446720808	2710.48114127017
1453	7208.670306135105	2415.6798317653725
1454	6920.053556997299	2459.408837279354
1455	7125.0	2625.0
1456	7125.0	2625.0
1457	7016.299341992129	2816.0159184524955
1458	6958.561612236694	2707.2389803269757
1459	7244.367317409545	2480.843917265837
1460	6253.493196463492	3504.862988115374
1461	6263.876756458864	3484.2559634527224
1462	6123.056577665457	3652.7580096817333
1463	6498.014991300227	3339.5060404285805
1464	6261.063480461307	3289.9695679600463
1465	6501.260722570534	3195.7084601738898
1466	6309.262551213292	3391.5317128981433
1467	6573.744087491377	3299.5652967704727
1468	6412.69426883193	3235.6951039396295
1469	6577.557416307171	3241.187454831407
1470	6350.974020632453	3489.959643073488
1471	70.98325915833993	6594.542299541603
1472	440.8343127874166	6244.822424270418
1473	616.1454759982363	6182.6976870731205
1474	630.8905250731647	6277.252507723756
1475	188.20865543189672	6553.452695937903
1476	236.4948055987227	6469.0875514994
1477	292.85338130636546	6390.798911473959
1478	343.7837133440236	6332.558725117618
1479	440.8182692114085	6339.217811884473
1480	488.9891061756764	6365.570388201249
1481	375.0	4875.0
1482	408.9779715045335	4839.954397809638
1483	681.8501735390332	4659.435691731991
1484	329.78853941973796	4932.679590096202
1485	347.3792674757581	4754.637410441468
1486	352.8453047298407	4904.253515524252
1487	567.8538798889047	4678.191865297448
1488	204.18198848442674	5058.651316372984
1489	282.6468663202718	4899.763090566381
1490	122.48342503551561	5116.420026641807
1491	52.932126044038	4317.08665899923
1492	270.40345065722823	4091.123476821551
1493	471.89785604698505	3928.3083292544707
1494	329.0623800479006	4139.630926277477
1495	276.9237609348997	4201.9715923882
1496	370.2148786024269	4113.1809433255385
1497	562.3560818493615	4055.2691564945676
1498	375.0	4125.0
1499	331.69413999964115	4205.3198137603085
1500	644.8383477634536	3941.709737281609
1501	418.00813931497197	4109.739542196935
1502	4875.0	13875.0
1503	4559.7293481830375	13671.953539432034
1504	2602.8146072912145	7042.5622758500485
1505	2542.2795754816657	7273.011374950588
1506	2453.146209631799	7101.495338905426
1507	2899.7516581448567	7060.293702300925
1508	2625.0	7125.0
1509	2805.260157714307	7096.103766646762
1510	2251.8061291080116	7161.760505010867
1511	2625.0	7125.0
1512	2541.64425960003	7150.176882747938
1513	2803.4177078821317	7003.97958626639
1514	4174.544480513195	1503.287282366237
1515	4061.26995749407	2106.739518000725
1516	4167.473218480961	1833.5357274964806
1517	4125.0	1875.0
1518	4118.044809956123	1989.8643180057156
1519	4053.798312310988	1822.4233018134476
1520	426.6897812993525	1868.2143432838288
1521	428.88899554378725	1872.7509949989549
1522	429.72518626888655	1870.9538314599486
1523	427.1952627408666	1867.402306743635
1524	2.7087389906170642	1919.991298892603
1525	429.37227855440835	1865.7977289182124
1526	427.09176971962114	1866.930197690652
1527	428.32788099768925	1867.9592980121654
1528	1706.809974117359	1928.6999009079013
1529	1940.6554089652334	1505.792243752101
1530	1719.2848859951766	1998.4337055523326
1531	2183.750227231756	1825.9263274991165
1532	1855.4839392894448	1964.8630077347905
1533	1875.0	1875.0
1534	1875.0	1875.0
1535	1635.1445404718907	1906.473105465581
1536	452.97923030314644	5506.533263404625
1537	375.0	5625.0
1538	347.5716716482663	5675.246801199276
1539	556.7711562441082	5561.049951062114
1540	96.59030319981764	5876.223089559122
1541	500.82909377916667	5521.905166552398
1542	612.1018982227022	5550.598242134815
1543	30.478799685202773	5755.225299011344
1544	82.29756784937189	5741.9477923257255
1545	635.4006943095171	5432.5821984490185
1546	4777.0830195853005	445.73908941101416
1547	4975.136417055197	274.5271436455944
1548	4875.0	375.0
1549	4960.562414760639	284.8636328382349
1550	4856.226519304016	638.8893665203757
1551	4776.6154165027765	13.136111597084323
1552	4875.0	375.0
1553	4916.934478979006	8615.11197508983
1554	4918.164738835394	8607.99398435664
1555	4875.0	8625.0
1556	4924.706198740183	8614.90706208121
1557	4915.702755744645	8614.931037424423
1558	4504.0288329133455	8679.821466510533
1559	4875.0	8625.0
1560	4909.353970598449	8619.276668612896
1561	4917.972034007389	8609.703049457687
1562	4206.81594231763	6342.047153996546
1563	4182.278844977772	6373.6835806361305
1564	3769.9997308284796	6450.126056136335
1565	3759.577978757844	6459.212507332922
1566	4188.762990259062	6355.099575732546
1567	4125.0	6375.0
1568	4183.240960448167	6360.573175003205
1569	4193.264731057838	6346.937524397195
1570	4195.782905799713	6366.8458663349575
1571	4192.68230817822	6350.923502462778
1572	4198.429541186492	6368.835998842982
1573	4185.416873741228	6367.634954632968
1574	4185.240077378487	6354.129447769444
1575	2887.5200669972464	857.2161049955369
1576	2585.738202900331	1254.996272902557
1577	2543.884497205533	1262.5769427318078
1578	2569.228515273199	1095.3377650004957
1579	2562.280988240079	1133.4457966508837
1580	2601.3496231307586	1146.4263286574078
1581	6375.0	2625.0
1582	6375.0	2625.0
1583	6405.887651252651	2580.434994734868
1584	6510.67894952704	2536.2230511324306
1585	6317.985973337042	2726.645321286346
1586	6237.0286732767345	2519.4933658117975
1587	6340.046351268868	2568.3395040724668
1588	6375.0	2625.0
1589	6374.67097362401	2662.4967359202847
1590	6010.305483695521	2537.6907234170294
1591	6274.915940389416	2811.7935047488672
1592	6499.254289157795	2503.7887169844776
1593	3167.6301425783113	12812.553617027002
1594	3375.0	13125.0
1595	3362.6086594711637	13144.44434689925
1596	3375.0	13125.0
1597	4875.0	5625.0
1598	4836.796768721848	5495.488813570227
1599	4823.7138509293945	5556.049157970254
1600	4792.980862864502	5612.181265413967
1601	4875.0	5625.0
1602	4858.146378729941	5754.166578446492
1603	4636.859798596966	5548.861620033235
1604	4638.830449341532	5385.687790257785
1605	4875.0	5625.0
1606	5229.042540741965	5501.392235903347
1607	355.3321882647837	14180.421846766225
1608	697.0072221780256	13791.40856293901
1609	72.66049587655766	13653.153602133389
1610	5625.0	13875.0
1611	5625.0	13875.0
1612	5417.615980255629	13576.293754854789
1613	5625.0	13875.0
1614	5625.0	13875.0
1615	5733.892220071803	13821.558537903187
1616	5776.896960127498	13837.585712794158
1617	5495.726223093461	13934.2370192233
1618	5250.078457723205	13867.3294630703
1619	5613.138438515006	13756.49873532199
1620	3757.047815334388	4947.361521541516
1621	4125.0	4875.0
1622	4168.366108746635	4742.59859432298
1623	4128.998067942454	4674.640534678435
1624	4107.374458355736	4684.191330392122
1625	4366.656375758691	4764.8796697461885
1626	4053.376503350039	4998.550954006552
1627	4010.61718619558	4952.102162064118
1628	4125.0	4875.0
1629	703.270882361295	6943.717822735557
1630	241.58466663486377	7216.256263177728
1631	317.5321151094427	7161.097943622381
1632	385.9223130625455	7101.968813777742
1633	375.26972803848986	7111.371892025974
1634	266.43552882366447	7189.037754418824
1635	404.54084588398524	7123.956362313306
1636	394.56729435479747	7098.676124712614
1637	283.19637439918046	7172.784131355373
1638	322.36441303463096	7174.071649410576
1639	430.3146219361644	7082.063675171803
1640	1125.0	8625.0
1641	1191.2165608806285	8613.412793882308
1642	877.8429683901225	8747.070190977749
1643	1125.0	8625.0
1644	893.2533611500795	8702.133120797786
1645	1193.842524521374	8607.689023589182
1646	1221.488121135001	8262.62582531334
1647	1218.7715636360217	8616.776090869233
1648	1023.7846410124448	8717.603280339217
1649	1093.9760074230758	8678.66302027511
1650	999.7785268285527	8619.928002186945
1651	5625.0	7125.0
1652	5263.079354821481	7026.824409380109
1653	5458.582212583554	7273.483743525297
1654	5625.0	7125.0
1655	5625.0	7125.0
1656	5281.8024537992205	7009.325238382836
1657	5722.018071800559	7007.667151585493
1658	3119.5940201011917	4729.477244001056
1659	3352.1727255066303	4955.446405258622
1660	3208.4880923283326	4851.098137512383
1661	3487.6446599367255	4829.524921977731
1662	3272.251753944488	5068.014085130786
1663	3608.11353783073	4581.2601857424825
1664	3361.1261335969734	4955.117449750179
1665	3375.0	4875.0
1666	3386.2677331708314	4852.5688147923065
1667	3375.0	4875.0
1668	3375.0	4875.0
1669	1974.7796127876184	5396.769039841378
1670	1705.777703727144	5467.010610421419
1671	1875.0	5625.0
1672	1875.0	5625.0
1673	1875.0	5625.0
1674	1669.3770828398704	5534.794102385484
1675	1732.1894652226865	5539.953620021461
1676	1909.9478470142958	5558.014471561843
1677	1532.403965267997	5763.632770877494
1678	6375.0	4875.0
1679	6370.439093233923	4879.299022088251
1680	6357.23791167314	4968.902796050251
1681	6351.699667742903	5007.819681849588
1682	6420.688044401309	4869.9141721341375
1683	6519.302351474245	4528.875988468001
1684	6275.92389837475	4941.186841322691
1685	6343.060489847371	4917.77808058223
1686	6405.31061487903	4874.770857762522
1687	6307.958838755529	4851.905171803179
1688	4532.280259763121	8027.210970865985
1689	4778.282056832075	8011.812669339823
1690	4702.083036959443	8113.897178753557
1691	4780.506887897507	7640.655571215771
1692	5064.017994810374	7810.883363573685
1693	5178.655892449604	7749.409241696226
1694	4824.9617408578115	7731.039166619911
1695	5013.852653246633	7871.041338134225
1696	4850.088068450583	7984.638359645878
1697	5025.270297872521	7809.412140154941
1698	7125.0	13875.0
1699	6918.095582950353	13562.245204344768
1700	6975.134027084285	14015.16517836772
1701	6982.131966008471	13609.933406114644
1702	7125.0	13875.0
1703	7125.0	13875.0
1704	4040.6498140669632	915.4085939423652
1705	4388.811155560228	900.5245168144039
1706	3924.8502666741356	1373.4803545478946
1707	3877.2796208407626	1406.5308397835017
1708	4311.931064630251	931.4585114514925
1709	3878.957559333282	1297.9736671697494
1710	4452.529235457975	1049.6213371496933
1711	1031.1284346886707	3367.0023824931327
1712	1066.9522661985388	3507.1059662858124
1713	1125.0	3375.0
1714	1399.0646310120258	3196.254257213947
1715	1052.5771606395392	3276.0685283633525
1716	1041.9765424104794	3430.5292283906692
1717	1125.0	3375.0
1718	865.1076857996115	3467.774216525199
1719	1134.394788365711	3341.948704966168
1720	1309.9357057599796	3048.773415039396
1721	1031.1153515436795	3371.144288144907
1722	109.01838367401712	110.65405284624154
1723	375.0	375.0
1724	229.20735444906563	233.37649342804647
1725	152.70165503355662	421.04226978792536
1726	375.0	375.0
1727	337.7976133828518	483.8755923338298
1728	375.0	375.0
1729	375.0	375.0
1730	5591.804416704488	8786.604413544197
1731	5625.0	8625.0
1732	5638.308032822301	8412.124262536148
1733	5484.729264292098	8750.320537356281
1734	5629.913299664713	8472.084270435944
1735	5357.876819571655	8541.592039448262
1736	5480.463678134283	8902.478508101884
1737	5726.046074172863	8356.099492005898
1738	5685.140720606781	8424.176884821583
1739	5722.184058441955	8441.5653211691
1740	5625.0	8625.0
1741	5520.1534247868285	8643.724305545444
1742	5625.0	10125.0
1743	5625.0	10125.0
1744	5612.854707200551	10486.485475953217
1745	5643.857821200923	9750.47445670615
1746	5591.769549309479	10073.0322970079
1747	5625.0	10125.0
1748	5572.788830932783	10401.466277178833
1749	5638.852420896258	9838.280709824026
1750	5371.677542730072	9929.474640964603
1751	5483.998719835615	9951.42147605194
1752	5406.046341495806	10195.518263343773
1753	5821.9698933707405	10122.571715144277
1754	5625.0	10125.0
1755	2737.0002453605357	6354.678642145505
1756	2772.8532252042637	6146.614705617562
1757	2463.620979769984	6582.370607841623
1758	2548.2877128033383	6140.627241503861
1759	2630.2441074661438	6301.435942975774
1760	2648.978696103049	6313.640999824868
1761	2846.128297181814	6111.084847547001
1762	2398.0096028897015	6673.496833517056
1763	2750.82797384646	6337.25772891426
1764	2583.8552389858905	6595.559744116461
1765	2495.197451774318	6568.230940303279
1766	2419.178698105504	8311.531354540115
1767	2506.8389069718432	8807.618441843206
1768	2499.5486201238696	8694.560371056417
1769	2614.083317710382	8745.196588253895
1770	2559.6820295193315	8542.946925789123
1771	2625.0	8625.0
1772	2822.7453853102725	8492.142869511628
1773	2625.0	8625.0
1774	2546.428991525434	8613.909526889938
1775	2625.0	8625.0
1776	2523.010083296675	8500.489590285242
1777	4875.0	10125.0
1778	4875.0	10125.0
1779	4810.306976214363	10221.113717338412
1780	4801.281098572157	10283.186995902004
1781	4614.146770983465	9926.938027981349
1782	4961.768855620151	10045.045520368989
1783	4875.0	10125.0
1784	4743.420457544749	9821.403464046507
1785	4802.10498507871	9991.71972127703
1786	4974.510297932487	10040.254072755524
1787	4750.839953160136	10246.166750271199
1788	4207.707745412222	6872.851292247939
1789	4249.338723738761	6936.313252168435
1790	4020.9200273846827	7485.267066633067
1791	4041.2388601725347	7263.562355898963
1792	3775.7402311931714	7194.087175939638
1793	4283.23320512861	6995.686851354712
1794	4285.08956010558	6926.6709872971305
1795	4120.289485208166	7218.461801830531
1796	4109.296225153987	7120.740939957556
1797	4125.0	7125.0
